2308 vloume (thousand),2360,3665,1536,1503,4721,2371,1537,1723,6509,8183,1533,2308 foreign investment (m),2308 investment credit (m),2308 dealer (m),MA20,MA60,MACD,RSI,slowk,slowd,台股大盤收盤價(元),S&P500收盤價
1047068,142.94,212.29,89.96,44.73,57.17,16.8,121.36,85.77,22.9,17.46,28.46,326.03,6.05,52.16,178.71,183.53,-1.68,51.99,85.22,66.44,"12,548.28","3,257.30"
1781572,147.62,216.52,91.1,44.92,56.89,16.7,121.8,86.52,23.47,17.61,28.56,-69.93,0,215.84,178.97,183.66,-1.27,52.66,92.45,83.41,"12,704.23","3,276.02"
1001763,143.88,215.58,92.24,46.05,57.75,17.05,122.69,88.03,23.23,17.85,28.71,443.32,0.77,-161.05,179.4,183.73,-0.78,55.37,89.98,89.22,"12,746.37","3,235.66"
1099235,143.88,210.88,91.58,45.72,57.65,17.6,123.13,88.41,22.85,17.9,29.16,82.32,-60.74,-20.63,179.81,183.86,-0.43,54.53,95.18,92.54,"12,887.19","3,215.63"
971505,145.75,206.17,91.58,45.86,57.17,18,123.13,87.94,22.28,17.7,29.66,481.92,-5.6,-5.02,180.39,184.04,0,57.32,91.03,92.06,"12,955.91","3,239.41"
1876044,148.08,206.64,90.91,46.19,55.74,18.15,122.69,87.84,22.28,17.41,29.11,382,-5.29,7.64,180.82,184.19,0.57,61.17,83.63,89.95,"12,947.13","3,218.44"
1525755,145.28,205.7,88.35,45.77,53.93,18.4,123.13,86.81,22.71,17.46,29.06,227.95,-2.33,-3.11,181.13,184.35,0.9,58.34,69.9,81.52,"12,919.31","3,258.44"
994589,145.75,204.76,88.25,46.33,55.46,18,124.02,87.75,23.37,17.7,28.86,170.53,2.72,-1.36,181.39,184.55,1.1,57.38,60.88,71.47,"12,827.82","3,246.22"
1142480,143.41,204.76,88.35,46.14,56.03,18.1,123.58,87.75,22.75,17.85,29.11,217.45,0,-10.89,181.71,184.7,1.29,58.12,56.84,62.54,"12,750.37","3,271.12"
935394,143.41,201.46,89.39,46.05,55.46,17.7,123.58,87.47,23.42,17.66,29.56,237.51,52.26,8,181.97,184.77,1.46,58.89,62.23,59.98,"12,908.34","3,294.61"
932646,146.21,203.82,87.97,46.95,55.65,18.7,123.58,87.75,24.28,17.8,32.49,323.05,14.15,10.41,182.23,184.87,1.69,61.18,66.51,61.86,"12,862.37","3,306.51"
561640,141.54,207.11,87.4,47.04,55.27,19.15,122.69,87.47,23.99,17.75,33.39,164.27,-20.04,8.65,182.5,185.06,1.85,61.18,69.55,66.1,"12,877.25","3,327.77"
792760,141.54,207.11,87.02,47.18,54.98,19.45,123.58,87.94,23.52,18.38,32.79,305.56,-13.36,-20.83,182.71,185.16,1.96,61.18,51.21,62.42,"12,917.03","3,349.16"
492533,137.81,205.23,85.97,47.27,54.6,21.35,123.58,86.99,22.85,18.57,32.74,25.48,-0.58,-16.92,183.03,185.24,1.87,55.98,30.26,50.34,"12,898.82","3,351.28"
927155,138.27,206.64,88.06,47.37,55.08,22.8,123.13,87.84,23.09,19,31.99,-130.75,-2.69,74.11,183.48,185.3,1.58,50.23,23.33,34.94,"12,909.03","3,360.47"
582060,139.67,207.11,86.54,47.09,55.08,21.2,123.13,87.65,22.85,18.28,31.05,278.72,-55.04,-21.01,184.44,185.38,1.53,55.19,50,34.53,"12,875.01","3,333.69"
2070247,138.27,204.29,85.59,47.18,54.7,20.5,123.13,87.37,22.71,18.04,32.44,916.75,0,27.68,185.59,185.39,2.12,67.16,70.7,48.01,"12,793.75","3,380.35"
1807707,137.34,207.11,84.74,47.37,54.03,20.65,122.69,86.99,22.37,17.7,31.75,405.61,0.4,36.96,186.19,185.27,2.37,61.92,65.38,62.03,"12,662.91","3,373.43"
1225054,133.13,207.11,84.07,47.18,53.27,20.8,122.25,86.62,22.9,17.46,31.05,-268.71,23.01,23.16,186.43,184.99,2.12,52.26,34.2,56.76,"12,546.34","3,372.85"
2553404,127.06,206.64,83.6,46.43,52.5,21.05,121.8,86.15,22.52,17.22,30.95,-298.49,-1.71,-92.15,186.38,184.73,1.52,45.33,17.63,39.07,"12,591.31","3,381.99"
1200702,128,202.4,82.65,46.9,52.5,20.7,122.25,86.34,22.28,16.84,30.55,-129.16,0,-115.28,186.31,184.46,0.87,42.88,15.16,22.33,"12,736.01","3,389.78"
880609,131.27,210.88,84.45,46.9,53.84,20.45,122.25,86.71,22.99,17.32,31.1,-64.11,-14.66,-94.21,186.34,184.33,0.36,42.88,32.06,21.61,"12,867.90","3,374.85"
766767,132.2,216.05,86.26,47.18,54.03,20.5,122.25,86.81,22.8,17.41,31.25,216.58,-5.18,-15,186.26,184.14,0.26,49.24,40.83,29.35,"12,918.80","3,385.51"
1576088,137.34,214.64,85.88,46.99,54.12,20.35,122.25,86.62,23.76,17.51,31.65,-58.56,-1.33,-5.86,186.34,184.06,-0.02,45.81,60.25,44.38,"12,973.53","3,397.16"
1745984,135.47,216.52,86.92,47.27,54.31,20.4,121.8,86.52,24.23,17.56,31.55,614.81,-7.97,22.36,186.41,184.04,0.15,52.88,69.41,56.83,"13,127.47","3,431.28"
794246,137.34,229.23,87.78,47.56,55.93,20.4,122.69,87.18,24.76,17.66,31.65,15.6,-3.95,-2.37,186.34,183.9,0.51,56.55,70.13,66.6,"13,081.72","3,443.62"
1056318,136.4,228.76,88.92,47.56,55.36,20.35,123.13,88.78,24.42,17.51,31.2,-195.32,0,-6.94,186.38,183.8,0.44,50.24,64.49,68.01,"13,262.19","3,478.73"
1079673,137.81,226.88,89.96,48.31,55.74,20.3,124.02,91.13,23.99,17.94,32.89,312,-9.16,34.71,186.74,183.77,0.54,52.76,65.92,66.85,"13,221.78","3,484.55"
2649844,137.34,220.76,89.87,48.31,55.84,19.9,124.47,90,23.76,17.8,31.75,1197.86,85.04,4.57,187.01,183.75,1.14,60.34,75.25,68.56,"13,273.33","3,508.01"
923240,139.21,224.53,90.72,48.22,55.93,19.4,124.02,89.72,23.95,17.66,32.74,-69.37,-1.6,22.1,187.27,183.79,1.49,58.19,84.3,75.16,"13,551.83","3,500.31"
1596955,140.61,218.88,90.72,48.4,55.84,19.65,124.47,90.1,23.76,17.66,32.49,336.13,-4.65,11.66,187.7,184.02,1.86,59.74,86.72,82.09,"13,593.01","3,526.65"
1609023,139.21,224.06,90.91,48.5,56.22,19.6,124.47,89.63,24.66,17.8,32.49,552.8,13.26,-23.35,188.01,184.22,2.39,63.16,84.72,85.24,"13,773.29","3,580.84"
1289640,140.14,221.23,91.29,48.59,56.6,19.65,124.02,91.51,25.71,17.85,31.94,-133.78,-0.61,-20.28,188.66,184.39,2.59,59.28,85.94,85.79,"13,722.43","3,455.06"
1760724,139.67,224.06,91.2,48.31,56.03,19.3,124.47,91.6,25.38,18.09,32.59,574.91,-12.69,21.2,189.48,184.61,3.1,64.04,82.68,84.45,"13,716.44","3,426.96"
1138751,142.48,228.29,91.67,48.22,56.41,19.1,123.58,92.83,25,18.04,32.59,94.68,3.34,2.72,190.32,184.85,3.54,64.93,87.34,85.32,"13,878.01","3,331.84"
1611001,144.81,229.23,91.67,48.22,56.6,19.05,123.58,94.99,24.85,18.23,32.89,277.93,-6.78,4.04,190.63,185.1,4.08,67.5,78.12,82.71,"13,807.13","3,398.96"
907407,144.81,232.06,92.43,47.84,56.7,18.9,123.58,94.52,25.14,17.99,32.99,10.89,0.42,0.21,190.96,185.32,4.26,63.33,61,75.49,"13,738.83","3,339.19"
1680976,144.35,230.65,94.24,47.65,57.94,19.1,124.47,94.52,27.05,18.18,33.19,271.62,-3.74,-333.66,191.97,185.75,4.2,60.12,66.33,68.48,"13,845.66","3,340.97"
1941641,143.41,233.47,94.9,47.93,60.99,19,124.47,95.93,26.86,18.76,33.69,498.31,20.74,86.78,193.41,186.22,4.76,67.62,74.03,67.12,"13,867.09","3,383.54"
1925495,141.08,235.35,93.67,47.84,60.22,20.9,124.91,96.87,26.81,18.42,33.94,33.44,0.22,25.54,195.16,186.78,5.44,70.44,89.64,76.67,"13,722.89","3,401.20"
3694079,140.14,230.65,93.29,47.37,59.94,21.05,124.47,96.4,26.71,18.23,33.44,73.41,-2.02,-28.12,197.03,187.35,6.26,73.26,86.68,83.45,"13,885.67","3,385.49"
2476053,148.55,232.53,92.05,46.95,59.46,20.65,125.8,95.46,26.47,18.62,33.34,446.06,34.5,-62.88,198.95,188.09,7.03,74.7,89.56,88.62,"13,989.14","3,357.01"
6881438,148.08,231.12,92.72,46.52,60.13,21.1,127.14,94.99,26,19.29,33.24,-60.32,10.67,17.32,201.23,188.97,7.93,77.34,94.81,90.35,"13,977.09","3,319.47"
2201883,147.62,229.7,96.42,46.66,59.84,21.55,127.58,94.05,25.85,18.86,32.94,127.03,-0.95,-30.81,203.75,189.96,8.92,79.63,96.58,93.65,"14,132.44","3,281.06"
3057996,147.15,228.76,104.02,47.27,60.7,21.45,129.36,95.46,25.76,18.91,33.09,67.18,33.35,3.95,206.26,191.02,10.37,83.26,87.45,92.94,"14,256.60","3,315.57"
4537719,152.29,225.47,104.97,46.8,59.75,21.1,129.36,95.46,25.52,18.86,35.13,-608.25,47.5,-97.09,208.95,192.03,11.61,84.17,75.4,86.48,"14,360.40","3,236.92"
3231978,155.09,228.29,102.6,46.62,59.56,21.1,127.58,95.93,25.9,18.47,33.64,77.19,41.58,-134.21,211.64,193.05,12.38,82.56,65.15,76,"14,390.14","3,246.59"
1883769,160.23,230.65,103.55,47.75,58.89,21.95,128.47,94.52,25.62,18.71,34.33,171.43,1,7.78,213.84,193.99,12.99,83.25,57.11,65.89,"14,249.49","3,298.46"
1568370,166.3,229.7,103.07,47.75,58.7,24.1,127.58,94.99,25.09,18.33,33.04,152.77,1.49,-19.84,216.24,194.98,13.09,78.23,48.91,57.06,"14,261.69","3,351.60"
2195662,163.5,230.17,108.77,47.27,57.46,23.2,125.8,94.52,24.85,18.33,32.99,452.4,0.54,-5.9,218.35,195.86,13.21,79.35,36.55,47.52,"14,211.05","3,335.47"
2339338,164.9,228.29,108.97,47.18,56.98,25.05,126.69,95.46,25.9,18.38,33.19,197.78,-27.31,7.01,220.27,196.74,12.81,72.17,29.74,38.4,"14,068.52","3,363.00"
3624596,168.64,224.06,101.7,47.18,57.17,24.45,125.8,94.99,25.09,17.94,32.54,773.33,-21.14,64.61,222.43,197.65,12.32,71.4,37.07,34.45,"14,304.46","3,380.80"
1719217,164.43,233.47,105.09,48.59,57.75,24.75,126.69,95.93,25.04,18.18,33.29,711.76,-14.88,-24.55,224.3,198.56,11.98,72.96,43.23,36.68,"14,258.93","3,348.44"
1924137,167.24,235.82,105.09,48.5,57.36,25.65,126.69,95.46,25.04,17.99,32.79,383.1,5.27,-15.31,226.17,199.56,11.5,71.28,54.9,45.07,"14,249.96","3,408.63"
1812701,162.56,228.29,105.09,47.93,57.46,27.6,125.8,95.93,24.71,17.94,32.99,108.13,26.91,-8.93,228.37,200.72,11.07,71.98,68.63,55.59,"14,384.96","3,360.95"
2026991,164.43,226.88,101.22,47.27,58.22,27.3,125.8,98.75,25.23,17.9,33.44,456.14,-17.54,48.9,230.17,201.75,11.37,77.75,60.08,61.2,"14,177.46","3,419.45"
1888364,160.23,222.64,100.25,46.76,56.7,27.9,126.25,99.69,25.38,17.99,32.84,-480.91,-12.52,-27.42,232.12,202.89,10.64,62.49,50,59.57,"14,223.09","3,446.83"
909899,161.16,220.76,99.76,46.99,56.79,28.35,125.36,101.57,25.23,18.09,32.94,-25.54,-43.15,-1.49,233.63,203.93,10.02,63.2,25,45.03,"14,280.28","3,477.13"
1122721,159.76,226.41,101.22,46.99,58.79,27.55,124.91,101.57,25.66,18.09,34.13,306.16,-27.75,-0.5,235.02,204.95,9.38,62.56,28.11,34.37,"14,331.42","3,534.22"
625412,159.76,231.59,100.25,46.9,64.61,26.95,125.36,101.57,26,18.09,34.03,233.56,-35.61,4.73,236.46,206,8.89,63.74,46.13,33.08,"14,483.07","3,511.93"
1214189,158.83,229.7,103.64,47.04,68.89,26.8,125.36,103.45,26.28,18.42,34.83,503.66,0.25,-28.92,237.82,207.05,8.82,67.75,66.96,47.07,"14,472.05","3,488.67"
660029,156.96,231.12,100.73,47.09,64.32,26.15,124.91,103.92,25.76,18.23,38.31,157.9,6.89,-31.94,239.17,208.15,8.75,68.43,87.65,66.91,"14,687.70","3,483.34"
1667296,158.83,229.23,101.22,48.59,64.51,26.55,125.8,103.92,26.71,18.81,38.36,426.4,0,153.99,240.41,209.3,8.93,71.37,89.41,81.34,"14,732.53","3,483.81"
1895414,156.96,229.23,101.22,47.84,63.94,26.45,125.36,102.04,26.71,19.39,37.77,388.98,-19.2,77.06,241.28,210.45,9.21,73.16,83.82,86.96,"14,902.03","3,426.92"
2553353,165.37,251.83,110.9,48.03,65.75,26.8,124.91,102.98,26.57,19.34,39.16,212.8,-2.15,136.32,242.55,211.74,9.47,74.32,79.1,84.11,"15,000.03","3,443.12"
5052768,168.17,249.94,116.71,47.93,65.37,26.15,125.36,102.51,26.47,19.48,39.26,-157.61,231.92,137.01,244.9,213.39,10.44,79.72,79.4,80.77,"14,983.13","3,435.56"
9123977,164.9,251.36,114.78,46.52,63.46,25.7,124.91,100.16,25.62,18.95,37.72,-588.55,466.37,-210.42,248.02,215.34,12.74,85.75,86.17,81.56,"15,214.00","3,453.49"
7787513,161.16,252.77,116.71,47.04,63.56,25.35,125.36,103.92,26.05,20.83,41.45,-904.08,62.52,182.81,250.99,217.19,15.76,88.77,85.28,83.62,"15,463.95","3,465.39"
9708435,160.7,248.53,117.2,46.76,64.42,25.1,125.36,105.8,26.09,22.9,45.58,-1559.61,108.43,-222.74,253.99,219.08,17.5,82.5,81.81,84.42,"15,557.30","3,400.97"
5137076,170.04,251.83,116.23,46.71,65.08,24.4,125.8,103.92,25.52,24.92,50.06,-396.57,17.81,-256.01,257.25,220.96,18.89,83.14,76.27,81.12,"15,500.70","3,390.68"
5913591,186.86,245.71,115.26,46.57,62.03,25.4,124.91,100.63,25,22.85,55.03,-416.05,26.69,127.24,260.46,222.81,19.84,83.36,68.83,75.64,"15,769.98","3,271.03"
5008356,191.53,250.42,116.71,47.37,62.61,25.15,125.36,100.63,25.04,22.8,55.03,-981.25,26.56,114.48,263.24,224.56,20.24,81.65,48.5,64.53,"15,707.19","3,310.11"
5878653,187.79,257.95,121.07,47.27,63.65,25.2,125.36,99.69,25.04,22.27,57.72,-483.79,15.91,10.4,265.76,226.24,19.83,74.51,26.84,48.06,"15,616.39","3,269.96"
6052412,177.98,258.89,116.71,47.09,61.46,24.45,124.91,97.81,24.14,21.31,57.02,-855.67,-31.75,-26.73,267.75,227.8,18.78,68.1,14.29,29.88,"15,612.00","3,310.24"
7508329,175.64,264.54,115.75,46.95,61.27,25.15,124.02,96.4,23.85,22.13,62.7,-1420,-10.98,167.96,269.48,229.39,16.98,59.61,19.78,20.3,"15,877.37","3,369.16"
3222538,186.39,266.89,114.78,47.09,61.94,26.85,123.13,96.87,23.9,23.38,60.11,-356.62,3.23,78.25,271.76,230.85,15.72,61.91,29.41,21.16,"15,806.18","3,443.44"
3843278,180.78,262.18,111.39,45.53,58.98,25.55,122.25,94.05,22.8,21.55,56.53,238.55,19.54,-54.34,274.2,232.43,14.59,62.17,41.84,30.34,"16,153.77","3,510.45"
3901243,184.99,269.24,115.26,45.58,58.13,26.2,121.36,94.52,22.56,22.9,56.53,-317.24,40.96,71.15,276.29,233.96,13.89,64.5,46.24,39.16,"16,019.03","3,509.44"
5235523,201.8,280.54,115.26,45.49,58.51,26.5,121.8,94.52,23.23,22.56,58.12,-1138.39,-50.34,-1.78,278.52,235.65,12.57,57.69,54.3,47.46,"15,946.54","3,550.50"
2388422,202.74,274.89,113.81,45.91,59.27,26.1,122.69,95.46,23.61,21.98,60.7,635.03,-35.32,52.82,280.17,237.26,11.73,60.23,39.3,46.61,"15,658.85","3,545.53"
3594845,204.61,281.01,115.26,45.2,58.6,25.9,122.25,94.99,23.61,21.74,61.7,-836.66,-45.95,-102.22,281.71,238.85,10.45,55.09,31.69,41.76,"15,701.45","3,572.66"
3954146,201.8,294.19,121.07,45.11,58.7,25.6,122.25,94.52,24.09,22.85,67.87,186.3,-186.01,-82.95,283.03,240.38,9.2,53.94,22.57,31.19,"15,415.88","3,537.01"
3184794,188.26,288.07,115.75,44.83,57.65,24.9,121.8,94.99,23.76,23.24,72.75,660.96,-4.03,44.42,283.96,241.87,8.13,53.94,22.73,25.67,"15,138.31","3,585.15"
4956705,176.58,292.31,111.39,44.12,56.98,25.2,121.36,94.99,22.9,22.13,65.88,-44.35,192.1,-112.62,284.92,243.31,6.81,49.93,27.35,24.22,"15,410.09","3,626.91"
2445423,187.32,277.72,109.93,44.5,55.65,25.1,121.8,95.93,22.71,20.4,59.31,261.92,32.49,26.51,285.38,244.73,5.89,51.85,29.93,26.67,"15,760.05","3,609.53"
3522269,200.87,283.36,112.36,44.64,57.65,25,121.36,96.4,23.04,21.55,65.18,-408.98,-4.86,-13.76,284.71,246.18,5.18,52.64,38.09,31.79,"15,771.32","3,567.79"
3403899,199.94,282.42,114.78,44.92,58.03,25.15,121.8,95.93,23.61,23.67,71.65,-241.4,12.5,-19.4,283.32,247.66,4.41,50.85,41.27,36.43,"15,706.22","3,581.87"
2652751,200.4,281.01,116.23,44.83,57.46,25.35,121.8,95.93,23.9,23.76,71.55,1013.97,-3.73,-4.15,281.9,248.91,3.98,53.41,36.07,38.48,"15,802.40","3,557.54"
7868114,192.93,277.72,115.26,45.39,57.08,25.1,122.69,95.93,23.66,22.9,74.44,-2836.7,-8.88,-24.21,281.25,250.49,3.11,47.63,56.3,44.55,"16,362.29","3,577.59"
11596918,212.08,289.01,116.23,46.29,58.32,25.55,123.58,98.28,24.71,23.76,72.25,2244.75,-8.09,474.8,280.87,252.16,3.84,60.94,67.45,53.27,"16,424.51","3,635.41"
6300136,201.34,294.19,114.78,46.47,60.89,27.45,125.36,98.28,25.04,24.97,74.34,372.71,7.34,83.57,280.27,253.67,4.87,64.28,79.98,67.91,"16,341.38","3,629.65"
3105093,204.14,287.13,112.36,46.33,61.46,27.45,125.36,99.69,25.43,27.42,74.44,-471,-38.4,18.97,280.03,255.23,5.16,59.24,71.17,72.87,"16,410.16","3,638.35"
3160669,208.34,288.07,113.81,46.33,62.61,26.95,126.25,98.28,26.09,28.77,73.44,89.4,-114.68,-276.02,280.2,256.75,5.41,59.81,67.06,72.74,"16,443.40","3,621.63"
3051566,202.74,283.84,111.87,47.04,61.65,27,127.58,98.75,25.76,27.52,71.85,493.59,-118.17,56.94,280.41,258.11,5.69,60.97,47.11,61.78,"16,212.53","3,662.45"
3434341,199.94,282.89,111.39,46.71,60.7,27.2,127.58,97.34,25.85,26.94,71.25,-1548.79,3.23,97.72,280.44,259.43,5.16,53.45,33.84,49.34,"16,452.18","3,669.01"
3749276,195.73,287.13,111.39,46.8,61.27,27.5,128.47,97.34,25.76,26.65,71.35,-43.29,-1.77,-373.66,279.77,260.57,4.72,53.79,10.93,30.62,"15,953.80","3,666.72"
6079608,191.06,280.54,112.36,45.86,63.94,27.95,126.69,97.34,25.62,28,71.35,-2536.28,-35.62,-43.15,279.24,261.85,3.26,44.06,20.37,21.71,"15,946.88","3,699.12"
3948548,191.06,270.66,109.45,46.14,61.46,29.45,126.69,97.81,25.09,27.9,69.16,1062.72,4.61,-26.87,279.14,263.02,2.64,49.35,23.99,18.43,"16,211.73","3,691.96"
2924850,191.53,261.71,110.9,47.37,61.75,29.35,127.14,99.22,25.47,28.58,68.17,-40.46,11.27,92.81,278.45,263.99,2.21,50.03,28.64,24.33,"15,906.41","3,702.25"
3582365,184.99,259.36,109.93,46.38,61.94,28.2,128.02,99.22,25.04,31.41,67.37,-1024.24,-16.58,-2.41,277.78,264.8,1.23,44.85,19.61,24.08,"15,855.23","3,672.82"
3374659,183.12,263.59,109.45,46,60.51,28.45,128.02,99.69,24.81,29.15,63.99,-585.2,12.1,-32.49,276.96,265.5,-0.01,41.39,7.34,18.53,"15,820.11","3,668.10"
3049794,181.72,257.95,105.58,46.1,60.32,28.15,127.58,101.57,24.57,28.72,64.19,-764.7,-30.3,-64.94,275.81,266,-1.32,38.97,7.38,11.44,"15,853.09","3,663.46"
4621255,177.05,254.65,104.12,46.05,60.13,28.35,127.14,102.04,24.76,29.59,66.58,-337.81,-26.35,-40.5,274.97,266.45,-2.87,35.48,12.31,9.01,"15,911.67","3,647.49"
3423253,177.05,257,104.12,45.72,60.79,27.9,127.58,102.04,24.95,30.79,65.28,-822.83,-8.22,0.01,274.8,267,-3.94,36.79,42.95,20.88,"16,179.56","3,694.62"
4289887,179.38,263.12,104.61,46.29,61.46,27.95,127.58,103.45,25.33,30.98,65.98,798.62,3.38,64.12,274.61,267.51,-3.47,49,67.2,40.82,"16,255.18","3,701.17"
4014581,177.98,260.3,106.06,46.52,61.27,28.15,126.69,104.86,25.38,33.29,65.98,-281.15,5.64,-32.15,274.3,267.97,-3.02,49.32,83.45,64.53,"16,249.33","3,722.48"
2454334,172.84,259.36,105.58,46.33,61.37,28.95,127.14,103.45,25.28,34.64,66.87,-990.4,3.05,-14.86,274.06,268.46,-2.98,46.5,79.98,76.88,"16,313.16","3,709.41"
2489064,171.91,261.71,106.54,46.33,61.08,28.85,127.14,102.98,25.14,35.02,66.28,196.55,-89.68,9.52,274.23,269.04,-2.57,49.61,81.82,81.75,"16,215.82","3,694.92"
1957889,173.31,259.36,106.06,46.14,61.27,28.2,127.58,101.1,25.23,38.49,67.67,124.39,0,-51.71,273.68,269.64,-2.07,50.97,83.83,81.88,"16,287.84","3,687.26"
2810723,176.11,263.59,105.09,46.33,62.32,28.05,127.58,102.04,25.28,38.49,71.05,-252.58,25.92,132.68,272.57,270.23,-1.34,53.67,69.85,78.5,"16,070.24","3,690.01"
3221893,172.84,257.95,103.64,45.72,60.79,27.5,127.58,100.63,25.23,42.33,70.06,-1355.85,205.97,-14.68,271.95,270.89,-1.14,49.96,61.3,71.66,"16,189.22","3,703.06"
1207762,171.91,254.18,108.97,45.63,60.03,27.4,130.69,101.57,25.57,45.51,68.77,264.61,10.33,-4.88,271.32,271.53,-0.67,52.77,58.74,63.3,"16,177.59","3,735.36"
1616473,174.24,254.18,110.42,45.34,59.37,27.1,132.91,100.16,25.43,42.96,69.56,145.44,-0.86,5.76,270.49,272.15,-0.21,53.47,54.75,58.27,"16,032.12","3,727.04"
1560023,173.31,252.77,110.42,45.58,59.08,27.5,132.47,100.16,25.38,44.02,69.66,65.09,-15.42,-36.69,270.01,272.72,-0.04,51.41,45.86,53.12,"16,060.14","3,732.04"
1821693,173.78,248.06,107.03,45.49,59.56,27.6,132.91,100.63,25.28,45.27,67.67,30.39,-6.53,-0.94,269.69,273.2,-0.02,50.17,49.8,50.14,"16,305.88","3,756.07"
1603350,179.38,252.3,108.97,46.05,59.27,27.6,132.91,100.63,25.62,45.32,67.37,384.19,-94.75,-1.32,270.05,273.86,0.3,53.42,66.67,54.11,"16,475.97","3,700.65"
1566216,177.98,253.24,110.9,45.86,59.17,27.5,132.47,101.1,25.95,44.55,69.46,-190.08,37.15,-8.06,270.27,274.57,0.55,53.42,82.07,66.18,"16,554.90","3,726.86"
2490683,178.91,255.59,111.39,46.05,59.17,27.3,132.47,101.57,25.9,44.55,68.17,1057.68,60.3,179.77,270.22,275.22,1.08,57.07,73.18,73.97,"16,431.13","3,748.14"
2275890,176.11,250.42,112.36,46.33,60.22,27.05,131.58,101.1,26,43.92,67.87,-786.53,0.71,52.86,270.92,275.96,1.14,52.62,78.56,77.94,"16,571.28","3,803.79"
3113339,179.38,254.65,110.42,46.29,59.84,26.85,133.36,101.1,26,44.88,67.07,1152.15,0.31,110.34,272.02,276.66,1.75,58.43,75.64,75.79,"16,739.87","3,824.68"
2298484,181.25,257.48,112.84,46.43,59.46,26.6,133.36,100.63,26.52,45.22,69.06,-238.4,-18.41,1.09,273.36,277.34,2.39,60.18,84.74,79.65,"16,815.36","3,799.61"
1588483,179.85,266.42,113.32,46.33,59.17,27.25,132.91,100.63,26.43,46.9,70.96,-411.93,4.18,-13.98,274.97,277.94,2.91,60.54,74.91,78.43,"16,926.44","3,801.19"
1766301,184.05,267.36,112.36,46.38,60.7,27.1,133.36,101.57,26.43,51.57,70.16,-294.03,-125.04,-108.41,276.6,278.51,3.17,58.83,75.49,78.38,"16,854.10","3,809.84"
1752649,184.05,264.54,113.32,46.47,66.7,26.7,132.91,101.57,26.95,52.92,69.86,585.74,1.2,-9.87,277.06,278.93,3.49,60.44,50.13,66.84,"16,859.70","3,795.54"
2365701,175.64,260.3,107.51,47.27,73.37,26.3,133.36,108.63,28.24,55.61,69.26,-987.95,2.34,-156.14,277.54,279.17,3.09,51.75,32.9,52.84,"16,824.91","3,768.25"
1692600,171.91,253.71,108.97,46.99,69.18,26.3,132.91,105.33,27.29,51.96,67.77,101.32,-26.25,16.12,278.21,279.07,2.82,52.66,18.42,33.82,"16,865.97","3,798.91"
1957160,172.84,254.18,108.97,46.8,72.42,25.8,132.47,110.04,26.86,52.24,66.68,257.98,3.91,-29.38,278.86,278.74,2.53,52.13,38.33,29.89,"17,076.73","3,851.85"
1849671,171.91,251.36,108,46.9,71.85,26.15,132.91,111.45,27.52,51.86,68.67,-162.82,0,-15.24,279.45,278.53,2.58,55.97,57.14,37.97,"17,158.81","3,853.07"
1199652,173.78,253.71,107.03,47.04,71.47,26.5,132.47,110.98,27.86,51.28,68.17,-90.43,1.19,8.66,279.93,278.29,2.67,56.9,75.91,57.13,"17,263.28","3,841.47"
1742897,179.38,250.89,105.58,48.22,67.94,27.3,132.91,113.33,28.53,50.8,67.97,384.42,14.23,80.97,281.11,278.18,2.83,58.32,79.48,70.84,"17,323.87","3,855.36"
7208324,178.91,250.42,107.03,47.93,68.8,27.2,133.36,113.8,28.62,50.7,68.47,1662.35,0.15,272.28,281.78,278,3.64,65.98,72.02,75.8,"17,202.11","3,849.62"
3204460,179.85,252.3,105.09,48.5,67.27,27.25,132.91,111.92,31.1,50.03,67.67,-688.39,-2.2,-116.55,282.02,277.79,3.74,58.11,43.53,65.01,"17,096.97","3,750.77"
4115092,182.18,253.24,101.7,47.46,67.66,26.6,132.47,110.51,29,46.52,64.09,-1451.82,-1.6,-120.71,282.57,277.75,3.17,50.18,27.55,47.7,"17,300.27","3,787.38"
2550378,191.53,254.65,100.73,47.84,66.04,26.85,132.03,109.1,28.86,49.84,63.39,-401.84,22.95,4.13,283.24,277.89,2.99,53.59,21.62,30.9,"17,572.29","3,714.24"
1141153,194.33,255.59,100.73,47.93,67.27,26.9,135.58,111.92,28.76,48.97,62.4,18.77,-11.32,-27.96,283.92,278.02,2.89,54.43,42.68,30.62,"17,595.90","3,773.86"
2167850,191.53,252.77,100.25,48.31,66.8,28.55,136.03,111.92,28.43,47.72,61.3,431.26,-18.72,24.63,284.75,278.19,3.08,57.73,65.91,43.4,"17,567.53","3,826.31"
2522977,192.46,249,99.28,48.88,68.42,27.95,135.14,111.92,28.81,47.19,62.1,1030.76,-11.15,34.31,285.23,278.25,3.47,60.43,72.88,60.49,"17,566.66","3,830.17"
4878911,181.25,245.71,100.25,48.69,67.56,27,133.8,111.45,28.1,44.74,60.11,464.94,-9.94,-0.69,286.12,278.5,3.5,57.06,69.26,69.35,"17,222.35","3,871.74"
3604897,174.24,242.88,97.34,47.75,62.99,25.75,133.36,110.98,27.86,44.16,56.33,1115.05,26.04,-38.39,285.93,278.43,3.79,60.24,41.57,61.24,"16,933.78","3,886.83"
3831948,170.97,236.29,94.53,47.56,59.94,24.7,132.03,108.16,27.71,41.23,54.93,-526.16,3.81,-83.03,285.23,278.34,2.83,46.38,24.18,45,"16,843.44","3,915.59"
3674093,167.24,227.82,93.57,47.37,60.13,24.55,132.47,109.1,26.9,44.55,55.83,-682.67,-52.96,-98.29,284.49,278.27,1.43,40.97,10.8,25.52,"16,994.36","3,911.23"
3243776,170.04,237.24,94.24,47.46,60.41,24.6,132.91,111.92,26.47,43.06,54.73,-725.61,-88.84,-27.04,284.32,278.37,0.28,40.65,23.38,19.45,"17,285.00","3,909.88"
2346431,171.44,246.65,97.34,48.03,62.13,25.65,133.36,110.51,27.24,45.27,58.32,381.55,1.7,47.2,283.77,278.45,0.18,49.54,35.36,23.18,"17,235.61","3,916.38"
1249807,169.1,240.06,96.18,48.4,61.46,25.7,133.8,110.98,27.14,42.38,56.33,-153.53,13.34,-36.63,282.81,278.22,-0.36,45.36,30.42,29.72,"16,583.13","3,934.83"
3739189,166.77,230.17,90.37,47.09,58.03,24.25,131.58,107.22,26,38.53,52.54,-1794.56,47.81,-80.62,281.52,277.89,-2.04,36.29,26.33,30.7,"15,902.37","3,932.59"
4908413,155.09,225.94,86.2,45.01,53.08,22.9,127.58,100.63,26.28,36.22,48.66,-426.92,-3.67,-99.19,280.22,277.58,-3.79,33.65,27.1,27.95,"15,670.10","3,931.33"
3432328,167.7,224.06,85.24,45.11,53.27,22.3,128.47,98.28,26.05,37.76,51.25,-379.82,7.74,15.25,278.83,277.25,-5.16,33.44,39.87,31.1,"15,827.09","3,913.97"
2517562,176.58,223.11,84.27,45.58,52.41,22.5,128.47,98.75,26.05,35.89,50.26,-652.39,18.09,-47.2,277.39,277.02,-6.02,35.24,46.43,37.8,"15,353.89","3,906.71"
2330447,168.17,200.99,80.2,45.67,48.22,20.55,125.8,95.93,27.19,32.33,45.23,7.2,28.37,30.56,276.27,276.62,-6.63,35.24,65.41,50.57,"16,145.98","3,876.50"
2550405,174.24,201.93,85.33,47.09,52.98,22.4,127.58,100.63,27.33,35.55,49.71,-176.78,-18.67,47.08,274.63,276.11,-6.42,42.48,80.72,64.19,"16,132.66","3,881.37"
1441924,172.84,196.75,84.75,47.18,53.93,23.35,128.02,100.63,26.95,37.33,52.35,-59.08,0.39,-23.38,273.68,275.8,-6.25,41.85,92.04,79.39,"16,042.36","3,925.43"
2330619,173.31,202.87,86.2,46.9,52.31,23,128.02,100.16,26.76,35.41,51.45,950.62,0.4,-4.18,273.48,275.61,-5.48,48.07,93.17,88.64,"16,302.06","3,829.34"
2500899,170.97,205.23,88.72,47.37,54.22,23.25,128.02,101.1,26.95,36.27,52.84,613.26,-6.07,-4.64,272.91,275.32,-4.2,53.76,90.32,91.84,"16,338.29","3,811.15"
897780,176.58,221.23,88.63,47.09,55.27,23.85,127.14,100.16,27.14,38.82,53.24,-68.12,0.12,-5.16,272.52,275.26,-3.45,50.76,91.77,91.75,"16,595.67","3,901.82"
1357905,179.85,218.41,89.59,47.46,56.03,23.8,128.02,101.57,27.95,39.35,55.53,477.05,-0.29,13.05,271.95,275.19,-2.45,54.2,87.75,89.95,"16,643.69","3,870.29"
865469,176.58,219.35,88.24,47.84,55.93,24.35,128.47,101.57,27.48,38.77,54.83,155.44,16.53,19.64,271.37,275.39,-1.63,54.2,94.57,91.36,"16,601.61","3,819.72"
3330361,180.32,220.76,89.11,47.56,56.22,25,126.69,99.69,27.76,38.2,55.23,175.81,4.9,3.99,270.85,275.45,-0.71,56.65,87.5,89.94,"16,870.86","3,768.47"
1223400,179.38,226.88,89.69,48.12,57.65,24.9,128.02,102.04,29.53,39.01,56.13,-297.62,-38.48,-19.15,270.34,275.56,-0.13,54.84,90.67,90.91,"17,068.43","3,841.94"
1742238,176.11,229.23,90.95,48.22,58.79,24.85,127.58,101.1,28.91,39.26,56.33,416.18,-1.73,12.96,270.61,275.82,0.67,58.08,90.67,89.61,"17,162.38","3,821.35"
1164678,176.58,231.59,91.72,48.5,58.98,24.85,130.69,102.04,29.72,43.15,56.82,263.44,8.32,7.54,271.32,276.19,1.37,58.79,97.56,92.96,"17,165.04","3,875.44"
1722333,176.11,225.94,91.82,48.97,59.94,25,130.25,102.51,29.38,44.26,56.23,524.17,13.34,61.7,272,276.62,2.01,59.88,90.95,93.06,"17,246.16","3,898.81"
2789626,181.72,224.06,91.43,49.35,59.08,25.1,129.36,103.92,30.05,43.68,55.93,-123.26,11.07,-6,272.16,277.15,2.38,58.22,83.02,90.51,"17,147.41","3,939.34"
1402618,179.85,222.64,91.92,49.06,58.32,24.85,128.91,104.39,29.77,41.66,54.44,404.51,-0.11,11.04,272.62,277.66,2.64,58.22,70.24,81.4,"17,083.91","3,943.34"
1475318,180.78,223.11,90.37,48.5,58.6,24.7,130.25,104.39,29.53,40.7,53.74,627.56,30.17,7.22,273.89,277.92,2.82,58.22,67.06,73.44,"17,076.21","3,968.94"
783839,183.12,217.94,91.92,48.5,58.89,25.15,130.69,102.98,29.43,40.99,55.03,177.61,5.65,-5.6,275.33,278.13,2.96,58.7,50,62.43,"16,966.22","3,962.71"
1599259,184.99,221.23,91.05,48.59,57.75,24.9,129.8,102.51,29.05,40.7,54.53,-4.72,355.18,-26.72,276.79,278.41,2.85,55.29,39.65,52.24,"17,159.22","3,974.12"
1108086,187.79,225.94,95.99,48.78,58.13,24.9,130.25,102.51,28.76,40.84,54.83,49.27,0,7.67,278.23,278.64,2.72,55.29,35.61,41.75,"17,213.52","3,915.46"
865941,186.39,223.11,95.11,48.4,58.32,24.85,130.69,102.04,29.81,41.37,54.93,155.07,6.23,38.24,279.93,278.93,2.71,57.03,48.26,41.17,"17,371.29","3,913.10"
2348008,185.45,224.53,93.76,48.4,59.27,25.3,130.69,103.92,30.48,40.99,53.34,710.61,82.45,86.14,281.3,279.17,3.09,62.74,62.63,48.83,"17,307.86","3,940.59"
1493928,186.86,225,93.95,49.25,58.51,25.45,131.58,103.45,29.77,40.22,52.25,512.98,-0.16,96.94,282.55,279.43,3.43,63.68,58.55,56.48,"17,390.61","3,910.52"
1270078,184.99,228.29,93.95,49.16,59.17,25.35,132.47,102.51,30.48,41.66,52.84,148.25,41.93,-35.49,283.44,279.63,3.39,58.13,50.06,57.08,"17,318.54","3,889.14"
3068928,181.72,231.12,95.79,49.91,59.65,24.9,132.91,102.04,30.86,40.65,52.15,709.22,-116.81,6.59,283.68,279.73,3.32,58.13,28.98,45.86,"17,062.98","3,909.52"
1814127,182.18,230.65,97.34,49.72,58.13,23.7,131.58,101.57,31.44,38.73,51.65,-1.76,8.04,-40,284.2,279.89,2.81,50.15,22.02,33.69,"17,075.55","3,974.54"
1814249,180.32,239.12,97.34,49.63,57.94,23.85,132.47,101.57,31.05,39.01,51.95,656.23,88.21,-37,284.49,280.09,2.53,52.69,16.67,22.56,"17,336.71","3,971.09"
1606933,182.71,257.48,105.58,51.32,60.99,24.3,132.47,103.92,31.53,41.71,57.12,-406.41,19.24,194.61,284.49,280.12,2.28,52.69,16.14,18.28,"17,407.96","3,958.55"
3090795,187.97,250.42,106.54,51.8,62.89,24.2,132.91,104.39,31.67,41.04,62.79,-1002.53,-84.68,34.57,284.56,280.23,1.6,44.75,25.66,19.49,"17,502.99","3,972.89"
2419535,183.19,248.53,108.48,51.51,69.18,24.05,133.8,106.27,33.39,43.49,62.89,-7.67,162.54,89.5,284.83,280.3,1.43,51.33,40.74,27.51,"17,590.97","4,019.87"
1051371,182.23,249.47,110.42,51.8,66.32,24,134.69,109.1,34.15,46.38,61.3,224.24,14.85,3.26,284.99,280.49,1.43,53.71,68.06,44.82,"17,598.19","4,077.91"
1602227,181.75,247.12,107.51,50.85,70.9,25.3,134.25,106.27,37.54,50.99,61.2,527.12,238.7,4.65,285.28,280.61,1.61,56.56,82.5,63.77,"17,755.46","4,073.94"
2192340,183.19,243.83,104.12,50.01,69.56,24.7,133.8,107.69,41.26,49.74,60.31,675.99,119.08,50.75,285.23,280.6,2,60.26,76.94,75.83,"17,713.94","4,079.95"
1455398,189.88,237.71,101.7,49.63,66.8,24.55,133.36,108.63,40.26,49.84,58.22,-333.2,129.41,-11.67,285.33,280.61,1.86,52.68,63.72,74.39,"17,710.15","4,097.17"
1976935,185.1,241.94,103.64,49.63,70.32,24.4,133.36,110.04,44.27,51.67,61,309.76,34.09,24.8,285.67,280.72,1.85,54.36,61.78,67.48,"17,919.33","4,128.80"
1242598,188.45,243.83,105.09,50.38,77.28,24.5,134.25,110.04,48.66,53.49,65.18,541.73,53.17,62.21,285.98,280.79,2.2,59.54,72.19,65.9,"17,913.07","4,127.99"
770131,187.01,249.47,104.12,50.19,74.99,24.25,134.25,109.1,49.23,51.86,64.19,241.89,3.64,20.91,286.27,280.99,2.41,58.82,83.33,72.43,"17,850.69","4,141.59"
951570,187.49,256.06,107.03,50.01,73.94,24.35,134.25,107.22,45.89,50.51,62.89,488.33,-9.71,4.21,286.58,281.14,2.54,58.82,72.92,76.15,"17,866.09","4,124.66"
1276186,185.58,250.27,107.03,49.82,73.75,24.8,134.25,108.63,47.7,51.09,62.6,-162.51,8.34,-18.74,286.58,281.2,2.47,55.7,48.86,68.37,"17,661.48","4,170.42"
1586934,187.97,248.33,104.61,49.91,72.52,24.6,134.69,108.63,49.13,50.03,61.4,-453.12,3.84,-45.35,286.72,281.26,1.89,46.98,38.45,53.41,"17,814.33","4,185.47"
872164,197.53,251.24,100.25,50.1,79.76,24.4,137.36,109.1,54,53.11,63.69,232.41,57.2,0.92,286.96,281.43,1.75,52.52,43.77,43.69,"17,847.52","4,163.26"
4224145,192.27,247.36,100.25,49.82,85.19,24.15,135.58,106.75,53.52,51.47,61.6,1509.21,0.85,134.42,287.92,281.83,2.2,60.02,72.96,51.73,"17,845.75","4,134.94"
5820461,194.19,244.94,97.83,49.35,81.38,23.95,135.58,106.75,51.52,51.57,60.51,1086.9,608.21,201.7,288.93,282.04,3.75,70.66,77.84,64.86,"18,034.19","4,173.42"
5979621,192.75,243.97,99.76,50.48,84.62,24.45,136.47,107.69,55.62,51.09,60.61,-270.5,73.27,8.94,289.89,282.33,4.73,67.63,73.85,74.89,"17,895.25","4,134.98"
2199356,201.36,244.45,98.31,50.57,83.28,24.3,137.8,107.69,56.38,50.51,60.51,377.33,31.63,8.06,290.56,282.57,5.37,66.41,48.49,66.73,"17,789.25","4,180.17"
3841411,202.8,241.54,98.31,50.67,83.38,24.1,137.8,106.75,62.01,50.8,59.41,-1668.74,84.39,38.41,291.01,282.71,4.93,54.23,30.44,50.93,"17,528.74","4,187.62"
1895485,195.62,231.84,96.86,50.1,84.05,23.9,136.92,105.33,63.06,47.24,57.62,-306.3,6.9,-69.07,291.76,282.92,4.33,51.96,20.01,32.98,"17,458.79","4,186.72"
1594206,196.1,234.75,100.25,51.04,91,23.9,137.36,106.75,64.49,48.11,57.62,109.55,0.92,94.85,292.65,283.03,4.28,56.65,22.58,24.34,"17,572.33","4,183.18"
1830092,196.1,237.66,98.8,50.95,88.43,23.95,137.8,105.8,60.77,51.19,58.81,103.32,1.63,-24.44,293.34,283.09,3.96,53.82,34.6,25.73,"17,572.92","4,211.47"
926013,194.66,240.09,97.83,51.42,84.84,24.05,140.47,105.33,58.86,51.38,59.41,225.87,-81.47,-0.07,293.7,283.12,3.74,54.63,27.24,28.14,"17,403.56","4,181.17"
1307295,197.53,246.39,97.34,50.85,85.32,23.9,142.25,106.27,59.34,52.44,59.71,-741.22,-26.91,-39.64,293.59,282.98,3.14,49.9,19.35,27.06,"17,269.87","4,192.66"
2058779,195.14,240.57,95.5,50.67,80.29,24,141.36,105.33,54.38,49.74,58.22,-1035.14,2.34,50.9,293.32,283.07,2.09,44.13,10.39,18.99,"17,135.22","4,164.66"
1801806,187.49,242.51,94.05,50.57,78.16,24,140.92,103.92,54.38,48.01,56.53,-34.46,-110.69,26.78,293.29,283.28,1.24,44.13,14.9,14.88,"17,402.81","4,167.59"
1949963,190.36,243.48,94.53,50.85,79.62,25.7,140.03,105.33,52.66,49.93,57.32,-534.9,-16.49,-32.45,292.96,283.43,0.52,43.71,16.32,13.87,"17,247.41","4,201.62"
2086862,187.97,249.3,94.24,50.38,77.39,26.05,139.14,104.39,50.66,48.2,56.23,-1022.87,-23.31,-2.3,292.4,283.41,-0.4,40.03,15.84,15.69,"17,503.28","4,232.60"
1630063,185.58,248.33,95.11,50.76,81.45,27.25,139.58,105.8,51.52,47.58,56.53,-497.08,-16.58,31.57,291.88,283.49,-1.12,40.03,19.28,17.15,"17,553.76","4,188.43"
2378047,185.1,243.48,94.63,50.19,80.87,27.4,139.58,105.8,52.38,48.01,56.92,-771.65,-237.23,-4.74,291.31,283.82,-1.63,40.68,24.01,19.71,"17,623.89","4,152.10"
1484929,181.75,242.51,95.71,50.1,78.74,26.7,140.47,105.8,51.8,47.67,57.02,-359.56,-108.23,14.01,290.87,284.26,-2.09,39.76,28.55,23.95,"17,603.12","4,063.04"
1015950,177.92,243.97,97.57,49.53,83.87,27,140.92,104.86,56.96,48.78,56.72,-214.39,-73.04,2.17,290.64,284.67,-2.38,40.48,22.84,25.14,"17,526.28","4,112.50"
1500256,180.79,240.09,96.98,49.25,85.42,27.2,140.03,104.39,60.26,50.42,56.43,-899.18,-3.99,-16.45,290.02,284.99,-2.74,38.49,21.4,24.27,"17,485.15","4,173.85"
1544989,178.88,240.09,95.02,48.97,84.36,26.2,138.69,104.39,58.8,48.88,54.73,-549.21,-56.02,-40.12,288.87,285.26,-3.27,35.22,12.24,18.83,"17,323.64","4,163.29"
1474328,173.14,233.78,92.57,48.88,92.77,25.9,135.14,104.86,60.26,48.78,53.64,-635.51,19.18,-71.35,287.05,285.43,-3.91,32.27,17.42,17.02,"17,227.18","4,127.83"
1264513,168.84,231.36,92.08,48.69,84.45,25.5,134.69,103.45,54.23,46.13,53.04,-193.76,5.04,-19.03,285.18,285.55,-4.22,35.59,15.17,14.95,"17,219.94","4,115.68"
1685142,172.19,231.36,92.77,48.59,92.87,26.3,134.22,102.98,55.69,47.41,53.44,-773.37,-3.32,-1.64,283.24,285.52,-4.68,32.58,22.06,18.22,"16,982.11","4,159.12"
2055382,171.23,226.02,93.55,48.31,91.61,26.55,131.84,102.51,52.48,45.5,52.15,-212.35,-124.67,-17.65,282.09,285.44,-5.19,30.59,34.56,23.93,"16,858.77","4,155.86"
1701632,171.71,223.6,90.61,48.59,100.61,24.95,132.31,102.51,50.93,42.47,50.36,216.78,-170.19,7.15,280.24,285.15,-5.14,38.66,32.22,29.61,"16,661.36","4,197.05"
3730004,167.88,211.47,90.22,48.12,102.06,25.15,133.26,102.51,49.18,41.05,49.96,-1557.59,3.67,-58.15,278.33,284.86,-6.36,27.12,39.91,35.56,"16,826.27","4,188.13"
3639151,173.62,213.41,92.57,48.59,112.22,25.65,132.79,101.57,52.58,43.44,52.25,-994.31,18.96,18.51,276.67,284.6,-6.86,33.42,36.28,36.14,"16,375.40","4,195.99"
2830747,169.79,210.02,91.59,47.56,123.34,26.3,130.88,99.45,49.76,41.1,50.16,508.41,20.18,-28.28,274.67,284.19,-7.01,35.8,45.51,40.57,"16,341.94","4,200.88"
2015400,169.79,207.59,90.32,47.56,122.37,28,131.36,98.97,52.29,42.76,49.96,-955.48,9.03,-32.67,273.25,283.93,-7.52,32.08,50.58,44.12,"16,741.84","4,204.11"
1634796,171.23,210.5,93.06,48.59,129.63,27.85,131.84,100.9,57.44,44.72,51.55,294.84,-371.79,24.26,272.08,283.56,-7.29,39.93,54.49,50.19,"16,818.73","4,202.04"
1258107,170.75,223.6,91.89,48.59,131.56,28.35,131.36,103.31,59.09,43.3,51.75,-310.34,-38.59,13.19,271.37,283.33,-7.18,38.56,75.81,60.29,"17,045.86","4,208.12"
1652354,172.66,226.99,94.83,48.4,118.5,28.25,131.36,103.31,57.54,44.18,53.04,208.96,8.27,9.56,270.64,283.05,-6.27,47.73,79.05,69.78,"17,066.96","4,192.85"
1611480,173.14,214.87,92.67,47.93,119.47,28.3,131.84,102.83,58.71,44.62,51.65,-227.01,-30.69,-8.77,270.25,282.85,-5.57,46.93,84.83,79.9,"17,209.93","4,229.89"
1452542,171.23,210.99,93.06,48.4,121.41,29.4,131.84,103.79,58.22,43.35,51.45,167.68,-68.36,52.43,269.89,282.65,-4.76,49.21,81.18,81.69,"17,396.52","4,226.52"
946801,173.62,214.38,92.97,48.97,121.41,30.3,131.84,104.76,58.02,42.66,51.45,-140.59,-1.4,-5.46,269.06,282.3,-4.03,49.68,69.24,78.41,"17,490.29","4,227.26"
3736856,171.71,220.69,93.85,49.16,124.31,30.55,131.84,104.76,58.41,42.71,50.95,-1444.74,-80.07,6.31,268.35,281.98,-4.12,42.19,56.19,68.87,"17,473.99","4,219.55"
1823920,174.1,228.45,93.94,49.25,119.96,31.7,131.84,103.79,58.61,43.39,52.74,148.24,-38.08,8.03,267.44,281.63,-4.02,43.71,36.99,54.14,"17,319.76","4,239.18"
1412638,170.27,228.45,94.04,48.97,121.41,29.75,131.36,103.79,56.47,42.56,51.25,-129.95,-104.47,-18.77,266.81,281.34,-4.17,41,41.28,44.82,"17,516.92","4,247.44"
1481865,171.71,229.42,94.53,49.44,116.57,29.65,132.31,104.76,55.11,41.98,51.45,175.17,-42.56,18.91,266.42,281.05,-3.97,44.7,48.66,42.31,"17,495.30","4,255.15"
1469135,175.53,224.08,94.43,49.06,118.5,28.6,131.84,103.31,54.14,40.7,50.06,581.19,-139.29,5.36,266.1,280.64,-3.65,46.25,59.66,49.87,"17,428.87","4,246.59"
1487914,172.19,226.99,92.97,48.78,113.67,28.85,131.84,101.86,55.69,40.41,49.76,387.7,-84.57,-11.96,265.64,280.2,-3.51,44.46,59.66,55.99,"17,270.49","4,223.70"
1120810,168.36,232.33,90.12,47.84,116.09,27.9,131.84,100.41,53.65,40.7,48.76,75.47,-91.97,-57.28,265.29,279.8,-3.44,43.55,47.45,55.59,"17,304.33","4,221.86"
880037,170.27,230.87,90.22,47.84,122.86,28.6,131.36,100.9,55.98,41.39,49.16,-62.52,-17.79,-2.24,265.05,279.39,-3.43,42.61,35.42,47.51,"17,474.57","4,166.45"
1245125,169.32,229.9,94.14,48.03,119.96,28.5,130.41,102.83,56.37,43.15,49.86,-239.95,-163.28,-0.31,264.29,278.98,-3.41,42.12,22.6,35.16,"17,446.31","4,224.79"
2176158,169.32,230.87,93.26,48.22,123.82,29.1,131.36,104.28,55.6,42.66,50.16,-1062.17,-97.5,-2.53,264.37,278.54,-3.79,37.08,16.35,24.79,"17,434.90","4,246.44"
1131517,169.79,230.87,94.53,50.1,119.47,29.25,132.31,106.21,58.12,41.78,49.66,96.97,-276.15,-5.53,263.93,278.01,-4.05,37.08,8.01,15.65,"17,354.00","4,241.84"
1884240,168.84,230.87,95.02,48.78,116.09,29.65,131.36,109.1,57.44,41.58,49.41,-455.37,72.24,-106.51,263.49,277.6,-4.63,32.56,10.83,11.73,"17,278.70","4,266.49"
1141329,168.84,232.81,93.85,49.17,111.73,30.4,131.36,108.62,55.21,41.1,48.12,-301.34,12.48,-14.61,263.15,277.05,-4.88,35.63,8.97,9.27,"17,276.79","4,280.70"
2212429,175.05,241.06,94.34,49.36,113.67,33.4,132.31,110.07,55.89,41.98,48.96,-397.82,-58.06,2.56,262.17,276.37,-5.33,32.45,16.72,12.17,"16,925.82","4,290.61"
3265428,171.23,240.09,91.3,48.78,110.28,31.65,131.36,107.17,54.72,40.66,48.32,-445.5,3.61,-54.97,261.36,275.68,-6.09,28.36,20.88,15.52,"17,078.22","4,291.80"
1057386,172.19,240.57,91.4,48.98,110.77,34.8,131.84,106.21,55.11,40.95,48.32,-13.33,3.27,-2.5,260.51,275.07,-6.49,30.71,41.31,26.3,"17,260.19","4,297.50"
2190362,169.79,242.51,91.1,48.88,112.22,34.1,131.36,106.21,55.5,41.49,48.46,257.4,-43.94,21.07,259.61,274.51,-6.08,42.28,53.26,38.48,"17,313.77","4,319.94"
1590116,174.58,235.72,91.79,48.88,112.7,33.75,131.84,106.69,55.3,41.14,48.76,-94.69,-51.43,-7.46,258.31,273.84,-5.84,40.56,53.79,49.45,"17,181.44","4,352.34"
1770076,172.66,222.63,89.93,49.17,111.25,32.65,131.84,107.66,54.14,40.17,48.46,-282.04,-2.05,-0.49,256.8,273.03,-6.01,36.21,33.56,46.87,"16,855.46","4,343.54"
2030943,166.45,215.35,87.28,48.59,106.9,32.65,131.84,118.28,52.68,38.31,47.07,-304.16,24.13,-69.42,255.89,272.28,-6.39,33.4,22.2,36.51,"16,934.77","4,358.13"
1842595,168.36,216.81,89.14,49.17,111.73,32.7,131.84,112.97,53.07,39.14,46.32,-25.7,22.98,1.18,254.72,271.46,-6.34,37.94,16.39,24.05,"16,570.89","4,320.82"
1589245,170.27,216.81,86.7,48.49,103.51,32,130.88,108.62,50.06,36.99,42.99,-361.34,22.32,1.92,253.33,270.55,-6.55,35,15.64,18.08,"16,408.35","4,369.55"
1839491,170.75,238.15,85.13,48.39,103.03,32.35,130.88,107.66,50.35,35.42,40.8,-627.36,26.43,1.31,252.01,269.82,-7.25,30.01,23.98,18.67,"16,460.75","4,384.63"
2309186,173.14,237.18,87.28,48.59,109.31,33.45,130.88,105.72,51.9,36.89,42.39,-200.41,35.28,36.15,250.6,269.01,-7.33,36.14,34.05,24.56,"16,393.16","4,369.21"
1447801,181.75,240.09,86.3,48.44,105.44,34,130.88,110.55,52.68,36.4,42,-150.61,-30.32,-17.51,249.47,268.15,-7.35,35.8,57.02,38.35,"16,713.86","4,374.30"
983206,181.75,246.88,87.58,49.36,112.7,33.9,130.88,112.97,53.26,37.96,43.09,93.68,-19.13,47.98,248.5,267.06,-6.97,40.59,68.48,53.18,"16,640.43","4,360.03"
1048757,177.92,247.85,86.6,49.46,114.63,33.75,131.84,115.38,53.55,38.26,43.49,90.18,2,-4.76,247.4,265.96,-6.44,42.88,73.69,66.4,"16,462.84","4,327.16"
1191750,176.01,241.06,87.68,48.49,117.05,33.65,130.88,114.41,55.11,37.62,42.79,-171.91,2.75,-2.3,246.3,264.86,-6.22,39.98,65.63,69.27,"16,347.99","4,258.63"
1027513,175.53,245.42,87.87,48.59,115.12,34.6,131.36,112.97,54.33,37.13,41.65,-15.28,12.11,4.07,244.93,263.77,-6.02,39.56,37.5,58.94,"16,387.28","4,323.21"
2342473,170.75,239.12,88.17,48.44,111.73,34.55,131.36,113.45,53.17,37.08,41.35,-938,-43.3,1.38,243.78,262.8,-6.65,31.79,26.58,43.23,"16,781.19","4,358.69"
2319678,174.1,256.09,89.05,48.98,120.92,35.8,131.36,115.86,54.91,38.16,42.24,-66.24,-16.52,2.58,243.37,261.88,-6.71,37.22,34.3,32.79,"16,705.46","4,367.48"
2890671,172.19,250.76,87.77,48.98,118.99,35.25,131.84,115.86,54.91,38.5,46.42,-356.04,910.04,-13.08,243.32,261.16,-5.95,46.85,64,41.62,"16,900.67","4,411.80"
2890676,177.92,251.73,89.44,49.95,120.92,34.3,131.36,116.34,59.29,39.92,51.05,-635.85,879.38,39.22,243.25,260.35,-4.54,54.39,78.33,58.88,"16,887.82","4,422.23"
2439247,175.05,257.55,89.93,50.34,125.28,33.85,131.36,115.86,59.68,39.68,55.73,-747.21,10.27,14.18,243.39,259.61,-3.74,50.72,76.36,72.9,"16,889.51","4,401.46"
1526079,175.05,250.27,89.34,50.53,123.34,34.7,132.31,117.31,58.61,40.17,56.03,-184.69,-12.58,-22.79,243.03,258.82,-3.18,49.52,50,68.23,"16,888.74","4,400.65"
2170730,172.19,252.21,88.95,50.14,125.28,34.25,134.22,114.9,59.97,40.66,54.93,-617.81,-33.39,-3.78,242.17,258.02,-3.41,42.96,28.14,51.5,"16,894.24","4,419.15"
1354834,166.92,257.06,90.03,50.14,137.37,34,136.12,122.14,65.9,41.34,60.41,-308.22,-13.58,0.1,241.51,257.25,-3.67,41.96,12.38,30.17,"17,034.34","4,395.26"
1613179,174.1,260.94,92.77,50.53,139.3,33.4,136.12,117.31,66.09,41.88,57.82,4.89,13.2,-13.02,241.12,256.56,-3.68,43.83,15.91,18.81,"17,074.55","4,387.11"
1342121,173.14,255.61,92.38,50.73,144.14,34.7,135.17,118.76,70.76,46.04,59.21,96.09,-41.32,4.36,241.32,256,-3.64,43.83,43.02,23.77,"17,041.63","4,423.15"
2266625,176.49,251.73,92.38,50.73,149.94,34.7,135.64,115.38,70.85,47.46,58.81,544.64,-1.26,15.37,240.98,255.31,-2.94,51.15,46.61,35.18,"16,987.41","4,402.68"
2462073,173.14,248.82,91.79,50.73,164.94,34.4,134.22,119.24,77.85,48.87,60.11,-369.46,-2.7,16.89,241.44,254.84,-2.95,45.21,69.27,52.96,"17,068.24","4,429.10"
2939957,180.32,259,93.36,50.92,171.71,33.7,134.22,121.17,77.76,50.39,59.91,698.34,81.11,10.93,242.03,254.27,-1.95,54.66,58.83,58.23,"17,065.97","4,436.52"
2753456,179.84,254.15,94.73,50.43,162.52,33.55,133.26,117.31,69.98,47.94,56.82,-771.37,383.04,32.67,242.12,253.65,-1.57,50.53,55.02,61.04,"17,122.16","4,432.35"
2310258,180.79,258.03,94.73,50.53,169.78,33.6,132.31,116.83,68.04,46.28,55.83,-820.29,31.12,13.14,242.56,253.19,-1.64,47.05,45.04,52.96,"17,078.86","4,436.75"
2032085,180.79,258.03,96.39,50.63,158.17,33.95,132.79,114.9,65.9,46.67,55.83,497.87,-6.84,2.58,243.22,252.93,-1.18,51.71,57.47,52.51,"17,296.90","4,447.70"
2800741,180.79,262.88,95.61,50.73,160.59,34.2,132.31,112.97,65.7,45.65,55.93,1145.46,-8.65,38.32,243.66,252.6,-0.14,57.03,76.02,59.51,"17,415.30","4,460.84"
1772270,180.79,258.52,93.75,51.02,152.85,34.6,132.31,111.03,65.12,45.11,55.03,-459.83,-12.72,-11.26,244.59,252.43,0.49,55.11,89.81,74.44,"17,541.36","4,468.00"
1882515,179.84,254.15,93.94,51.31,154.78,34.5,132.31,112.97,66.48,45.01,55.23,354.84,-13.7,7.2,245.49,252.28,1.48,58.98,86.54,84.13,"17,559.65","4,479.66"
1692742,182.23,252.21,92.38,51.5,157.68,32.75,132.31,112,64.73,45.6,60.7,223.66,-2.65,-45.85,246.64,251.95,2.16,58.15,72.65,83,"17,452.52","4,448.08"
1178723,179.84,249.79,93.06,51.99,162.52,32.75,131.84,112.48,66.09,44.81,60.7,-596.22,-2.59,-3.57,247.67,251.94,2.2,53.29,51.44,70.21,"17,518.13","4,400.27"
982134,180.32,249.79,91.99,51.7,158.65,32.4,131.84,112.48,65.7,45.35,59.11,27.14,-8.87,14.87,248.18,251.82,2.36,54.65,28.5,50.86,"17,634.47","4,405.80"
1184058,182.23,251.73,92.18,51.7,164.45,31.65,131.84,112.48,67.55,49.8,59.31,-287.56,-40.82,23.27,248.03,251.61,2.38,53.81,19.95,33.29,"17,693.13","4,441.67"
1716534,181.27,252.21,91.5,51.99,161.55,33.05,131.84,112.48,66.29,52.15,57.62,-470.02,-3.07,15.84,248.37,251.59,2.06,50.46,33.75,27.4,"17,764.04","4,479.54"
1838702,181.27,254.15,92.57,52.09,162.52,34.8,132.31,111.03,67.36,53.42,57.72,271.18,-108.78,161.83,248.72,251.43,2.21,54.64,48.86,34.19,"17,841.37","4,486.23"
1574629,178.88,249.3,92.08,52.57,165.42,36.2,132.31,111.03,71.63,53.42,58.71,-131.04,-63.96,-0.87,249.55,251.31,2.19,53.32,70.37,50.99,"17,818.31","4,496.19"
942867,173.62,245.91,92.08,52.57,161.07,38.85,131.84,110.55,70.95,54.21,58.12,101.27,-20.77,-18.01,250.35,251.01,2.23,54.12,61.11,60.11,"17,803.54","4,469.91"
601630,176.97,250.76,92.97,53.15,156.72,38.5,131.84,113.93,68.33,59.59,58.81,-157.99,-7.77,5.81,250.86,250.66,2.07,52.2,42.59,58.02,"17,666.12","4,509.37"
1233097,176.01,250.76,91.4,53.06,157.68,37.75,131.84,111.52,67.74,62.23,57.72,-295.04,-20.15,-0.29,251.43,250.29,1.62,48.49,22.44,42.05,"17,642.52","4,528.79"
828036,174.1,254.64,90.32,53.64,156.72,37.6,131.84,112,66.77,63.01,57.12,-51.97,5.38,8.99,251.74,249.95,1.32,49.46,23.55,29.53,"17,654.19","4,522.68"
1170740,176.97,249.79,89.54,53.83,156.72,36.7,131.84,111.52,66.97,62.13,57.42,25.64,4.92,-12.09,252.08,249.65,1.31,52.34,21.7,22.56,"17,369.39","4,524.09"
1705657,176.97,248.33,89.14,52.77,151.4,35.6,131.36,109.59,64.73,63.11,56.43,-420.34,6.05,11.45,251.89,249.35,0.74,45.77,27.11,24.12,"17,328.09","4,536.95"
809135,175.05,245.42,88.17,52.28,154.78,35,130.88,109.1,65.12,59.69,55.83,195.96,6.64,16.04,252.08,249.15,0.4,47.3,25.33,24.71,"17,427.76","4,535.43"
2981403,177.45,250.76,90.32,51.41,153.33,35.6,130.88,111.03,64.93,61.15,57.42,234.5,7.94,-12.62,252.62,248.92,0.32,49.83,46.67,33.04,"17,585.99","4,520.03"
755944,176.01,247.36,90.61,52.47,154.78,35.05,131.84,110.07,64.05,67.22,57.32,10.84,-3.35,18.74,253.01,248.72,0.41,51.83,69.28,47.09,"17,724.88","4,514.07"
1547318,173.14,242.51,89.05,51.6,144.62,34,131.36,109.1,62.69,67.91,55.83,166.58,-19.09,-9.19,252.99,248.56,0.76,55.19,79.71,65.22,"17,697.14","4,493.28"
1391349,174.1,243,89.24,51.7,146.56,34.6,131.84,111.03,63.76,68.2,56.33,-76.1,13.08,-11.55,253.06,248.41,1.01,55.19,79.43,76.14,"17,688.21","4,458.58"
1162360,179.84,241.06,88.66,51.02,149.94,34.15,131.84,110.55,64.05,70.65,57.42,-127.11,14.62,0.19,252.92,248.3,1.17,54.56,73.42,77.52,"17,796.92","4,468.73"
962489,177.45,245.91,89.05,51.41,145.59,34.45,132.31,111.52,63.08,67.51,56.43,93.63,-3.42,-2.35,252.72,248.17,1.43,56.69,63.65,72.16,"17,832.42","4,443.05"
1101073,176.49,245.91,89.24,52.67,147.04,33.9,131.36,111.52,64.05,66.05,56.72,-33.41,-33.41,9.14,253.21,248.26,1.46,53.97,75.93,71,"17,914.12","4,480.70"
2037060,173.62,247.85,88.66,51.99,148.98,32.85,132.31,112,65.61,65.46,58.81,984.81,-0.68,13.36,253.7,248.38,2.09,61.87,78.74,72.77,"17,826.26","4,473.76"
2052194,174.1,245.42,89.05,52.57,146.07,30.45,131.84,111.52,64.34,66.05,56.82,285.09,87.8,6.63,254.18,248.58,2.72,63.55,85.06,79.91,"17,767.60","4,432.99"
1572674,177.92,240.09,88.95,52.38,148.98,31.5,132.31,112,66.48,64.19,56.43,-76.41,22.41,1.16,254.82,248.72,3.1,62.08,71.48,78.42,"17,599.37","4,357.73"
1439172,175.05,237.66,88.36,51.11,144.14,31.9,131.36,110.55,64.44,61.94,55.43,-41.16,275.57,-16.29,255.11,248.91,3.29,60.56,56.63,71.06,"17,660.10","4,354.18"
1152457,175.05,234.27,88.36,50.92,148.01,31.4,131.36,110.55,64.63,64.29,55.53,-255.73,16.59,-6.95,255.41,249.17,3.28,58.26,37.15,55.09,"17,785.74","4,395.64"
1527931,176.01,235.72,88.26,51.5,147.53,31.55,131.36,111.03,64.83,63.89,56.53,-273.71,-20.68,0.49,255.8,249.46,3.12,55.98,33.27,42.35,"17,812.59","4,448.98"
1847498,178.88,234.75,88.46,51.99,144.62,31.9,132.31,111.03,63.57,61.74,56.53,242.37,-10.49,2.68,256.04,249.52,3.19,59.41,21.23,30.55,"17,669.11","4,455.48"
872849,177.92,238.15,88.07,52.28,149.46,32.15,132.31,111.03,64.83,61.64,56.62,-359.83,-1.65,-42.24,256.58,249.65,2.82,52.12,26.98,27.16,"17,789.27","4,443.11"
629902,179.84,240.57,89.73,52.57,156.23,31.75,131.36,112,68.91,61.64,57.02,88.05,5.9,2.06,257.04,249.86,2.66,54.52,18.52,22.25,"17,826.83","4,352.63"
431532,186.53,243.48,89.14,51.89,154.3,31.75,131.36,112.48,67.45,62.13,57.42,-83.63,-14.43,-2.12,257.58,250.21,2.46,53.79,50,31.83,"17,946.66","4,359.46"
1037334,197.06,244.94,89.05,51.99,154.78,31.65,131.36,112.97,68.04,63.11,58.62,-4.32,-20.18,12.66,258.48,250.51,2.63,59.08,66.67,45.06,"17,961.64","4,307.54"
585437,196.1,246.39,88.95,51.99,152.36,31.6,131.36,113.45,67.36,69.37,58.62,152.02,-23.72,-7.74,259.56,250.96,2.76,59.64,89.81,68.83,"18,048.94","4,357.05"
1273623,198.49,247.85,88.75,52.57,150.91,32.3,130.88,113.45,66.19,63.89,60.9,581.86,-3.27,39.51,260.61,251.57,3.23,64.76,87.25,81.24,"18,196.81","4,300.46"
1069831,196.58,247.36,89.14,52.28,149.46,32.25,130.88,114.41,65.7,62.92,58.71,-146.8,-19.98,-4.46,261.58,252.11,3.72,66.59,89.9,88.99,"18,248.28","4,345.72"
1022209,194.66,250.76,88.75,52.67,152.85,32.4,132.31,114.41,66.87,62.43,58.71,13.9,-21.64,1.1,262.24,252.61,4.09,67.05,76.01,84.38,"18,218.84","4,363.55"
641423,191.32,253.18,89.44,52.38,152.36,32.6,131.84,116.34,66.68,61.74,58.32,-24.75,-40.85,3.51,263.24,253.15,4.11,61.57,77.12,81.01,"18,270.51","4,399.76"
1683590,190.36,255.61,88.75,52.18,150.43,32.8,131.84,114.9,66.09,59.69,59.11,175.12,10.43,13.54,265,253.91,4.62,68.12,80.43,77.85,"18,526.35","4,391.36"
4680818,190.36,257.06,88.95,51.7,152.36,32.4,131.84,113.93,66.58,59.78,63.39,1068.61,198.1,108.41,266.34,254.62,6.13,77.12,82.9,80.15,"18,499.96","4,361.19"
3020096,190.36,254.15,89.63,51.5,148.49,31.8,131.36,113.45,65.22,59.39,69.66,-120.56,3.78,27.6,267.81,255.34,6.75,68.14,70.77,78.04,"18,367.92","4,350.64"
2128418,189.88,244.94,89.63,51.41,147.53,32.15,131.36,112.97,64.34,59.49,72.05,387.9,-1.75,-1.46,268.49,256.11,7.19,68.45,48.77,67.48,"18,169.76","4,363.80"
2080438,201.84,245.91,88.17,51.6,142.69,31.5,131.36,113.45,62.88,56.95,66.68,-311.87,0,-38.49,269.1,256.82,6.83,58.78,38.78,52.77,"18,239.38","4,438.23"
1629614,215.71,251.24,87.58,51.6,143.17,31.15,131.36,112.97,62.88,59.98,72.65,-108.86,-0.57,13.61,269.93,257.43,6.51,59.16,32.75,40.1,"18,288.21","4,471.37"
2982202,222.41,253.67,86.7,51.41,136.4,30.35,131.36,111.03,61.82,60.76,65.48,162.44,8.32,11.19,270.57,257.81,6.45,61.87,33.99,35.17,"18,375.40","4,486.48"
1959826,211.88,255.12,86.21,51.99,138.82,31.05,131.36,112.48,59.87,58.81,62.6,386.34,-2.26,26.51,271.03,258.17,5.95,56.14,26.8,31.18,"18,436.93","4,519.63"
1823901,203.75,246.39,86.3,51.89,133.98,30.7,131.84,112,59.29,58.02,62.1,-382.26,-10.53,-13.57,271.3,258.47,5.1,51.05,18.14,26.31,"18,403.33","4,536.19"
1841031,198.01,239.6,85.52,51.6,134.47,29.85,131.36,111.03,58.61,54.79,58.62,-166.43,-86.34,-25.79,271.52,258.95,3.94,46.1,15,19.98,"18,525.44","4,549.78"
936912,206.62,242.51,86.7,51.79,136.88,30.2,131.36,111.52,60.16,56.56,60.41,66.19,-43.21,-6.84,272.01,259.47,3.15,48.08,21.74,18.3,"18,378.64","4,544.90"
753502,208.54,244.45,85.72,51.89,134.47,30.3,131.36,110.55,59.09,56.85,58.62,-21.92,14.52,-29.59,272.45,259.96,2.53,48.58,31.72,22.82,"18,227.46","4,566.48"
1312907,210.93,250.27,84.83,52.28,135.92,29.85,131.36,111.03,59.97,56.07,58.52,147.4,36.3,-81.95,272.79,260.42,2.09,49.64,40.42,31.29,"18,218.28","4,574.79"
1989936,208.54,253.67,84.15,52.18,133.98,30,131.36,111.52,59.58,55.77,61.9,-211.19,-33.52,5.18,272.91,260.75,1.53,47.03,46.3,39.48,"17,899.30","4,551.68"
1255268,203.75,256.58,82.09,51.41,131.08,29.55,130.41,110.55,58.8,53.23,59.41,80.39,28.61,22.07,272.99,261.18,1.08,47.03,43.75,43.49,"17,989.04","4,596.42"
656993,208.06,269.19,81.5,51.11,134.47,29.35,130.88,110.55,58.12,54.7,57.72,-69.09,24.48,-7.62,272.67,261.37,0.67,46.47,36.17,42.08,"17,701.12","4,605.38"
2101019,197.06,282.77,80.13,49.66,128.18,28.25,130.41,109.59,57.15,52.05,58.22,-334.64,49.23,-59.18,272.2,261.63,0.11,43.12,28.61,36.18,"17,674.40","4,613.67"
1424532,202.8,286.16,80.72,49.85,128.66,28.7,130.41,110.07,57.15,52.45,57.32,-443.81,39.4,-5.63,271.86,262.02,-0.41,42.03,30.6,31.79,"17,900.30","4,630.65"
3134392,209.49,296.83,81.41,50.34,130.11,29.7,130.88,112,58.61,54.01,58.91,39.57,23.58,15.45,271.57,262.28,-0.58,46.4,30.21,29.81,"17,966.56","4,660.57"
3799475,208.54,297.32,81.41,51.02,136.4,30.5,130.41,112.48,60.07,56.16,59.71,-672.77,263.08,15.87,270.96,262.4,-0.86,44.02,33.33,31.38,"18,151.76","4,680.06"
1510423,208.06,295.38,82.68,51.79,140.27,30.8,130.88,112.97,61.23,56.65,60.7,-476.48,213.44,53.9,269.62,262.56,-1.03,44.78,27.93,30.49,"18,338.05","4,697.53"
1674763,201.84,283.25,81.6,51.11,137.37,30.8,130.88,112.97,60.26,55.48,60.9,-510.43,0,8.09,268.4,262.55,-1.15,44.78,19.24,26.83,"18,310.94","4,701.70"
1922859,198.97,299.74,80.62,50.73,139.3,30.9,130.88,114.9,61.04,54.99,62.2,-513.48,164.08,-7.7,266.69,262.41,-1.55,39.75,10.07,19.08,"17,997.67","4,685.25"
2135400,190.84,287.62,79.74,50.82,137.37,29.95,131.36,113.93,61.04,52.84,61,-905.98,49.92,-66.05,265.25,262.32,-2.58,30.88,3.61,10.97,"17,951.81","4,646.71"
2110193,190.84,286.65,79.74,50.73,136.4,30.45,130.41,113.93,61.23,52.93,62.4,-572.66,-12.68,-15.97,264.03,262.28,-3.55,29.04,15.02,9.57,"18,231.47","4,649.27"
1379911,192.75,285.68,80.62,51.6,137.37,30.75,130.88,114.9,61.04,53.91,62.2,-29.99,5.95,-4.14,262.76,262.29,-3.89,37.1,31.68,16.77,"18,268.57","4,682.85"
1403447,194.19,289.07,80.23,51.7,137.37,31.95,131.36,114.9,61.04,54.11,61.2,-185.57,7.57,35.24,261.75,262.38,-3.91,40.73,55.44,34.05,"18,232.35","4,682.81"
616220,191.32,275.01,79.74,51.89,138.82,31.35,131.36,115.86,61.43,54.21,61.4,-61.71,17,1.05,260.92,262.36,-3.84,41.45,69.43,52.18,"18,221.49","4,700.90"
574191,189.88,278.4,80.13,51.79,137.85,31.85,131.36,116.34,60.94,55.58,60.8,-217.1,14.82,10.4,260.22,262.31,-3.86,39.87,56.91,60.6,"17,969.29","4,688.67"
1119768,186.06,271.61,79.15,50.53,133.02,31.75,131.36,114.9,59,56.56,59.21,-344.89,65.54,-27.24,259.51,262.28,-4.07,36.85,45.91,57.42,"18,055.73","4,706.64"
896307,187.01,284.22,79.15,50.82,138.34,31.45,130.88,115.38,60.36,56.56,60.01,-4.4,82.36,12.43,258.51,262.19,-4.03,40.11,25.51,42.78,"17,594.55","4,697.96"
1745615,178.88,283.74,77.68,50.24,132.05,30.45,130.88,113.93,57.73,53.13,57.42,-475.82,28.9,-5.58,257.11,262.05,-4.38,34.79,21.5,30.97,"17,652.18","4,682.95"
4169357,180.32,290.04,77.68,50.04,132.53,31.25,130.41,115.38,58.22,54.01,57.92,-1950.31,60.64,15.28,256.33,262.06,-5.15,29.44,29.44,25.48,"17,898.25","4,690.70"
3981546,185.58,287.62,78.86,50.53,137.85,32.55,130.88,116.83,59.39,54.89,59.11,575.84,20.26,63.61,255.48,261.99,-4.92,42.94,44.44,31.79,"17,867.60","4,701.46"
1519444,187.01,288.59,78.37,50.73,138.82,32.25,130.88,119.72,59.58,54.7,60.21,-183.86,30.86,32.64,254.7,262.06,-4.79,41.65,71.11,48.33,"17,934.40","4,594.62"
2044815,186.53,280.34,78.57,50.82,138.82,32.45,130.88,118.76,59,55.28,59.21,-441.86,40.19,21.5,253.99,262.07,-4.56,42.88,71.39,62.31,"17,736.52","4,655.27"
1512687,181.27,282.28,77.19,50.53,135.43,32.75,132.79,116.34,58.61,55.87,58.12,-151.17,49.88,-14.51,252.96,261.93,-4.45,41.47,54.17,65.56,"17,178.69","4,567.00"
3470128,178.88,282.77,75.04,49.85,130.11,31.6,131.84,117.31,56.47,52.74,54.83,-704.2,139.06,-36.06,251.23,261.56,-4.89,35.23,28.47,51.34,"16,825.25","4,513.04"
3220337,169.32,272.58,71.51,49.07,126.73,31.9,130.88,114.9,54.14,51.08,51.25,-1366.14,113.75,25.43,249.89,261.23,-6.08,28.21,15.28,32.64,"17,015.36","4,577.10"
1723786,168.84,283.25,73.96,50.14,132.53,31.9,130.41,113.45,55.21,52.35,53.24,-375.53,42.5,202.62,249.15,261.12,-6.48,35.44,40.97,28.24,"17,433.20","4,538.43"
2626487,172.66,299.74,75.23,50.82,134.47,31.95,131.36,113.45,56.47,53.62,54.93,423.74,135.9,-3.56,248.79,261.14,-5.7,47.71,70,42.08,"17,264.74","4,591.67"
2851885,172.19,302.66,75.23,50.92,138.34,32.05,131.84,113.45,55.69,52.93,54.04,806.96,344.27,-78.6,248.4,261.05,-4.44,53.24,85.69,65.56,"17,263.04","4,686.75"
1132968,169.79,295.38,75.23,50.63,137.37,32.75,131.36,114.9,55.21,52.74,53.44,-242.05,31.42,-76.48,248.18,260.89,-3.75,49.84,75.4,77.03,"16,926.06","4,701.21"
1621680,168.36,288.59,73.28,50.24,133.02,32.35,130.41,112.97,53.07,50.68,51.45,206.48,69.16,-98.34,247.96,260.57,-3.64,45.65,48.21,69.77,"16,940.83","4,667.45"
2273679,163.1,300.23,73.57,50.14,132.53,33.9,130.41,112,52.39,51.08,52.05,-602.33,127.49,-33.12,248.06,260.4,-3.7,43.99,48.57,57.4,"17,448.22","4,712.02"
2282946,169.79,311.87,74.55,50.92,137.85,34.55,131.36,112.97,54.72,53.62,53.44,683.81,-1.04,45.59,247.81,260.17,-2.82,52.53,48.57,48.45,"17,456.52","4,669.15"
2665111,169.79,308.48,74.65,50.82,145.11,34.8,131.36,112,55.79,54.01,53.94,146.43,-15.87,-5.38,247.79,260.04,-2.44,49.36,70.58,55.91,"17,560.36","4,634.09"
1481728,170.75,307.02,75.92,50.53,145.59,33.2,131.36,112.97,55.98,54.5,54.73,409.77,92.13,25.06,247.89,259.95,-1.73,52.77,71.89,63.68,"17,559.71","4,709.84"
1041488,168.84,310.42,77.1,50.53,147.53,35,130.88,113.93,56.28,55.38,54.44,331.69,13.1,3.67,248.25,259.92,-1.07,53.45,83.19,75.22,"17,731.37","4,668.67"
817505,170.27,308.48,77.68,51.11,146.07,36.2,130.41,113.93,55.98,55.97,54.24,-34.65,6.88,28.57,248.62,259.88,-0.35,55.18,88.03,81.04,"17,699.06","4,620.64"
1588380,173.14,311.87,76.8,50.53,149.94,36.4,130.41,115.38,57.64,58.41,55.03,569.78,-3.73,18.66,249.33,259.95,0.37,56.57,86.92,86.05,"17,676.95","4,568.02"
1314752,170.75,308.48,76.41,50.34,148.01,36.9,130.88,113.93,56.96,57.93,54.44,415.4,-7.77,-2.41,250.23,259.93,1.05,57.63,76.28,83.74,"17,520.01","4,649.23"
721325,169.79,285.19,76.41,50.53,148.98,35.2,130.41,113.45,56.86,61.84,53.94,-77.65,1.59,-24.91,250.69,259.94,1.34,54.75,67.25,76.82,"17,548.66","4,696.56"
974235,170.27,295.38,78.27,50.34,148.98,36.5,130.88,112.97,56.96,60.96,55.23,47.35,135.39,15.16,251.33,259.91,1.63,55.54,68.12,70.55,"17,740.56","4,725.78"
1297125,173.14,300.23,78.76,51.02,148.98,36.15,130.88,112.97,57.25,60.86,59.41,98.89,136.68,53.06,251.94,259.87,1.99,57.17,78.26,71.21,"17,693.47","4,791.19"
945150,172.19,287.62,79.84,50.63,146.07,35.75,130.88,112.48,56.37,60.47,59.01,270.11,12.08,-12.08,252.62,259.76,2.29,57.59,85.51,77.29,"17,625.59","4,786.36"
1313312,169.32,290.53,79.64,50.43,148.49,36.25,130.41,112,56.37,61.35,58.91,231.72,53.16,-11.28,253.43,259.53,2.5,57.59,60.35,74.71,"17,522.50","4,793.06"
1671324,171.23,291.98,78.57,50.43,145.59,35.9,130.88,113.93,56.08,62.62,60.11,-191.83,135.97,18.97,254.67,259.26,2.25,51.74,37.43,61.09,"17,178.63","4,778.73"
1804181,167.88,290.53,77.49,49.95,137.37,34.9,130.41,111.03,54.43,59.2,60.9,189.75,42.28,-36.02,255.63,259.03,1.83,49.06,14.79,37.52,"17,284.54","4,766.18"
1096955,161.66,291.98,77.19,50.04,141.24,35.4,130.41,112.48,55.21,65.07,63.39,233.86,127.37,-2.35,255.43,258.51,1.48,49.06,12.41,21.54,"17,048.37","4,796.56"
1413911,158.79,278.89,76.9,49.95,138.82,35.55,130.41,111.03,56.18,65.17,64.39,-238.48,47.85,53.36,254.77,257.73,0.37,39.17,8.62,11.94,"16,990.91","4,793.54"
1445747,156.4,277.92,75.23,49.46,140.27,35.25,130.88,110.07,55.21,71.62,70.76,-22.86,35.78,27.34,254.67,257.16,-0.66,37.61,18.01,13.02,"17,301.65","4,700.58"
1128426,161.66,289.07,76.61,50.34,138.34,34.9,131.36,111.52,55.69,72.01,67.47,110.89,23.76,21.46,254.75,256.54,-0.91,45.73,29.12,18.59,"17,245.65","4,696.05"
690200,162.14,290.53,77.68,50.24,138.34,34.8,131.36,110.55,56.47,73.87,66.87,68.82,7.84,-12.9,254.77,255.99,-1.3,43.55,32.06,26.4,"17,004.18","4,677.02"
568926,159.75,290.04,76.61,50.34,134.47,34.1,131.84,110.55,55.11,72.41,63.69,-153.44,17.47,-30.94,254.14,255.41,-1.85,40.63,21.87,27.69,"16,898.87","4,670.29"
587043,158.79,291.01,75.23,50.34,130.6,33.9,130.88,109.1,53.26,65.95,62.2,-161.62,34.4,-20.79,253.72,254.76,-2.42,39.02,16.32,23.42,"16,993.40","4,713.07"
476800,163.1,300.71,75.43,50.63,135.92,33.85,131.84,110.07,53.36,67.71,61.5,-85.14,2.23,12.13,253.23,254.26,-2.84,39.02,26.39,21.53,"17,148.88","4,726.35"
1210963,162.62,305.57,76.31,50.73,138.82,33.95,131.84,111.03,54.33,68.2,62.1,134.79,63.25,-15.06,252.79,253.87,-2.87,43.56,48.61,30.44,"17,127.95","4,659.02"
764017,161.66,307.99,77,51.79,138.34,33.5,132.31,111.52,54.33,69.96,68.27,102.97,43.52,-3.8,251.89,253.45,-2.7,46.03,44.91,39.97,"17,025.09","4,662.85"
1529046,160.23,299.26,76.41,52.47,135.43,33.85,131.84,110.55,53.65,66.05,68.96,-767.03,-27.31,19.19,250.42,252.85,-3.08,39.51,30.53,41.35,"16,620.90","4,577.34"
1845746,154.97,290.04,73.67,50.63,128.66,33.55,130.41,108.14,50.44,62.23,62.2,-814.03,23.65,-22.94,249.64,252.49,-4.09,32.73,31.58,35.67,"16,644.79","4,532.76"
2110133,151.14,295.86,74.45,52.38,129.15,33.7,130.88,108.14,48.79,66.54,62.2,803.88,-3.53,-6.55,248.67,252,-3.62,48.31,45.95,36.02,"16,303.35","4,482.73"
1749025,149.71,285.68,72.69,50.92,125.28,33.3,130.41,106.21,47.14,61.35,59.51,-66.64,66.15,-25.48,247.71,251.58,-3.76,43.42,66.92,48.15,"16,419.38","4,397.93"
1244753,155.92,285.19,73.76,51.02,124.31,33.45,130.88,108.62,46.65,61.35,59.71,-99.83,11.09,25.64,246.84,251.21,-3.7,44.71,67.26,60.04,"16,592.18","4,410.13"
1300676,159.27,291.5,74.06,51.6,124.79,33.55,130.88,110.55,46.65,61.06,60.21,184,5.5,-38,245.57,250.73,-3.35,47.71,60.02,64.73,"16,498.90","4,356.45"
932976,159.27,293.44,73.96,52.86,126.24,34.3,131.36,109.1,46.65,60.37,60.61,-299.25,-25.95,4.61,244.22,250.28,-3.62,42.4,39.59,55.62,"16,565.83","4,349.93"
810061,160.23,303.63,73.28,53.35,124.79,35.05,132.31,109.1,46.75,60.66,60.01,-61.7,-70.13,2.17,243.12,249.84,-3.9,41.41,13.2,37.6,"16,696.12","4,326.50"
826554,160.71,333.7,74.25,52.96,129.15,34.95,132.31,109.59,49.08,62.13,60.9,-206.54,-65.31,1.45,241.81,249.24,-4.08,41.41,8.29,20.36,"16,408.20","4,431.85"
1842283,156.88,324.97,73.47,53.35,126.24,34.1,131.36,113.93,47.72,60.27,60.51,-746.69,11.93,6.55,240.29,248.6,-4.72,36.75,9.87,10.46,"16,048.92","4,515.55"
1177905,154.97,324.97,72,52.38,125.76,33,130.88,114.9,45.44,56.07,58.32,-277.61,0.46,-7.82,239.12,247.9,-5.48,34.38,13.35,10.5,"16,061.70","4,546.54"
1243027,152.1,308.96,71.02,52.77,128.66,32.7,129.46,117.79,44.56,55.28,58.02,-261.38,6.57,13.82,237.9,247.15,-6.28,32.4,11.45,11.56,"16,006.25","4,589.32"
950738,145.4,303.63,71.51,53.15,127.69,32.8,129.93,117.79,43.25,53.82,56.92,-55.88,-36.65,-6.48,236.09,246.39,-7.08,30.77,10.13,11.64,"15,616.68","4,477.44"
1051911,146.36,300.71,68.47,52.18,122.86,33.2,129.46,114.9,42.96,51.56,53.74,-25.13,-52,-28.62,234.53,245.82,-8.01,28.22,12.77,11.45,"15,832.54","4,500.54"
1090737,151.62,308.48,68.47,52.96,126.24,33.95,129.93,115.38,44.37,52.54,55.43,125.31,-247.96,35.8,233.23,245.32,-8.45,31.28,27.99,16.97,"15,901.04","4,483.87"
696075,151.14,294.41,67.69,53.54,130.11,35.3,129.93,115.86,44.56,55.77,55.73,70.47,-60.21,19.85,232.14,244.78,-8.54,33.72,51.68,30.81,"16,056.09","4,521.54"
992940,152.58,306.54,69.65,54.32,132.53,35.3,128.98,119.72,45.97,56.56,57.42,-27.9,11.25,25.43,231.33,244.29,-8.36,36.17,71.95,50.54,"16,296.86","4,587.18"
1174086,152.1,302.66,70.04,56.26,131.56,35.35,128.98,120.21,46.41,57.73,57.82,200.05,-6.01,-2.77,229.91,243.64,-7.66,42.96,64.98,62.87,"16,020.32","4,504.06"
999822,151.14,301.2,69.55,56.46,129.63,35.6,128.98,119.72,45.54,58.22,56.72,-344.99,-25.97,-20.65,228.62,243.1,-7.72,36.66,55.58,64.17,"16,144.85","4,418.64"
990779,152.58,301.68,72,56.36,131.56,36,129.46,120.69,45.78,58.02,62.3,133.41,33.07,6.34,227.59,242.58,-7.34,41.29,38.42,52.99,"16,156.41","4,401.67"
645203,150.18,307.02,71.71,58.3,132.05,35.35,130.41,119.72,45.88,57.73,63.99,-107.33,16.65,9.45,226.79,241.94,-7.06,40.24,28,40.67,"15,963.63","4,471.07"
568166,146.36,291.01,70.73,58.11,127.69,36.1,129.93,119.24,44.81,55.87,61.7,-124.96,0,-1.1,225.35,241.44,-7.16,36.85,20.33,28.92,"16,104.03","4,475.01"
1004621,146.36,291.01,72.2,59.37,130.6,36.2,129.46,123.1,45.34,58.51,62.4,481.27,-413.85,27.37,224.32,241.07,-6.96,39.59,21.67,23.33,"15,968.83","4,380.26"
601363,148.75,288.1,71.41,58.11,128.66,36.15,130.41,123.1,45.39,61.06,63.69,119.17,14.11,-12.99,223.59,240.67,-6.6,41.23,50.06,30.69,"16,266.22","4,348.87"
1259596,152.1,295.38,71.81,59.47,129.15,36.1,129.93,123.1,45.49,64.19,64.39,169.92,75.47,52.78,223.03,240.4,-5.67,48.75,74.18,48.64,"16,610.62","4,304.74"
1250831,157.36,305.57,73.47,58.5,133.5,35.9,130.88,123.1,46.99,65.65,64.19,98.98,57,39.11,222.98,240.16,-4.32,54.59,94.18,72.81,"16,807.77","4,225.50"
1868490,159.27,302.17,73.86,59.08,134.95,35.3,129.46,123.59,46.9,64.58,64.09,292.22,4.35,-8.21,223,239.95,-2.99,56.86,97.46,88.61,"16,675.09","4,288.70"
593484,157.84,305.57,73.76,58.89,133.5,35.45,130.88,124.55,46.6,64.38,64.19,148.28,7,-22.7,222.78,239.78,-1.91,56.86,86.9,92.85,"16,552.57","4,384.62"
657692,155.92,291.98,73.37,57.92,134.47,35,130.88,124.07,46.22,62.52,62.99,-29.09,0,-8.75,223.03,239.84,-1.43,51.85,76.3,86.89,"16,605.96","4,373.79"
827241,162.14,289.56,72.79,57.24,132.53,35.75,130.41,119.72,45.58,63.6,62.3,55.45,-59.75,15.77,223.17,239.7,-0.84,54.03,51.58,71.59,"16,512.88","4,306.26"
1283051,161.18,304.11,72.88,58.01,133.98,36.2,130.41,120.21,45.83,65.17,65.58,-424.06,-5.13,13.51,223.57,239.37,-0.84,48.37,40.78,56.22,"16,670.51","4,386.54"
601546,163.1,304.11,72.59,58.5,142.21,36.45,130.41,122.14,46.9,65.46,66.48,-42.68,1.88,29.31,224.13,238.93,-0.71,49.79,33.84,42.07,"16,621.34","4,363.49"
824478,162.62,305.57,73.37,57.82,148.98,36.5,131.36,122.62,48.11,66.05,65.58,109.75,-35.72,8.23,225.03,238.6,-0.57,50.28,50.97,41.87,"16,460.12","4,328.87"
757802,161.66,306.54,74.25,57.92,150.43,36.3,131.36,118.76,48.99,67.12,65.68,141.96,-23.23,22.04,225.37,238.22,-0.29,52.28,43.86,42.89,"16,070.98","4,201.09"
1076238,155.92,299.74,72.39,55.39,146.07,36.15,130.88,117.79,48.11,64.77,65.38,-471.96,4.79,-18.7,225.64,237.88,-0.77,43.74,39.53,44.79,"16,047.37","4,170.62"
1031286,154.01,299.74,72.2,55.88,143.17,35.85,130.88,120.21,47.43,65.65,63.69,-95.97,12.8,-2.74,225.64,237.3,-1.1,44.28,19.63,34.34,"15,999.25","4,277.88"
1052740,159.27,296.83,73.37,57.62,139.3,36.7,131.36,120.69,46.7,64.48,63.79,-267.53,2.25,4.73,225.47,236.84,-1.62,41.27,25,28.05,"15,838.61","4,259.52"
1423786,153.05,291.98,71.71,57.92,132.53,34.2,131.36,118.28,44.81,63.11,66.48,27.07,35.95,-3.41,225.71,236.29,-1.81,44.19,30.75,25.12,"15,641.26","4,204.31"
1642859,151.62,289.07,70.34,57.92,136.4,34.35,130.41,117.31,44.47,64.38,63.69,-158.67,72.41,-4.54,225.4,235.6,-1.98,43.72,29.14,28.3,"15,367.58","4,173.11"
1001654,149.71,275.01,67.69,58.3,123.82,34,129.46,112.48,40.92,59.59,58.71,-328.68,29.7,0,225.76,235.08,-2.63,37.7,53.1,37.66,"15,728.64","4,262.45"
1086156,153.53,289.56,67.89,58.5,128.18,34.15,129.46,115.38,42.09,62.43,60.8,340.85,99.74,86.26,226.08,234.43,-2.14,50.75,54.42,45.55,"15,347.75","4,357.95"
872592,152.1,285.19,65.83,57.92,122.37,34.05,128.03,112.97,39.7,58.71,59.31,-188.45,57.53,98.98,226.64,233.88,-2.2,45.79,81.26,62.93,"15,176.44","4,411.67"
1759069,154.01,284.71,65.14,58.3,124.31,33.8,128.51,112,39.02,57.73,60.61,86.11,270.04,150.7,227.37,233.45,-1.64,52.09,78.09,71.26,"15,303.32","4,463.09"
1825745,153.53,295.86,65.05,60.83,122.86,34.05,129.93,113.45,39.75,57.44,59.71,170.17,96.08,196.94,227.62,232.97,-0.79,55.78,84.33,81.23,"15,548.01","4,461.18"
1455149,156.4,302.66,65.83,60.83,128.18,34.05,129.93,115.38,41.99,60.86,62.3,-128.66,94.84,28.14,227.5,232.45,-0.31,53.56,76.76,79.73,"15,439.92","4,511.61"
1349297,153.53,304.6,66.2,60.25,125.28,34.1,128.98,114.41,41.16,60.08,60.51,-103.13,158.83,-4.72,227.08,231.87,0.03,53.1,59.24,73.44,"15,240.13","4,456.23"
1526569,147.79,297.32,63.3,59.67,125.28,34.4,128.98,114.9,40.77,60.08,59.51,-331.92,91.91,-12.74,226.36,231.2,0.06,50.28,36.72,57.57,"14,825.73","4,520.16"
1391740,146.36,299.26,61.2,60.05,120.44,33.9,128.98,112.48,38.54,57.83,57.72,6.87,28.13,44.3,225.89,230.6,-0.4,45.1,20.12,38.69,"14,343.08","4,543.04"
1885304,135.83,282.28,59.9,58.69,114.63,32.45,128.03,111.03,35.23,52.84,54.24,-173.66,73.76,17.72,225.16,230,-0.75,45.1,16.06,24.3,"14,217.06","4,575.52"
1555801,133.44,285.19,59.1,59.18,112.22,33.7,128.51,112,36.01,52.54,55.33,-511.15,350.84,73.15,224.81,229.43,-1.22,42.97,28.76,21.65,"14,349.20","4,631.60"
1515670,136.31,288.59,59.1,61.03,113.18,33.7,128.51,115,37.52,54.6,56.13,7.28,360.96,71,223.88,228.86,-1.46,44.66,23.52,22.78,"13,985.51","4,602.45"
1580672,130.1,306.05,58.6,59.76,107.38,33.1,128.03,111,36.35,54.11,51.95,-198.71,55.78,-12.42,223.46,228.49,-2.42,36.81,36.15,29.48,"14,336.27","4,530.41"
1675595,135.36,319.15,59.9,60.64,109.31,33.4,128.51,111.5,36.98,59.39,54.93,300.56,365.09,58.57,223.26,228.13,-2.31,47.29,51.04,36.9,"14,464.53","4,545.86"
1673516,140.14,320.6,62.4,60.15,112.7,33.15,129.46,114,38,60.27,58.62,-64.61,371.96,35.26,223.6,227.83,-1.68,52.53,83.52,56.9,"14,340.53","4,582.64"
824314,142.05,316.24,66.8,59.08,113,32.85,129.46,113.5,37.81,60.66,60.21,-313.5,256.35,-6.66,223.99,227.62,-1.01,54.05,92.67,75.74,"13,950.62","4,525.12"
1236758,143.97,306.05,68.2,59.37,105,32.4,130.41,111.5,36.2,58.51,57.42,-158,299.61,-76.23,224.98,227.58,-0.35,55.2,92.29,89.49,"14,324.68","4,481.15"
2764788,148.27,306.05,68,60.44,112,34.2,131.84,113.5,37.23,59,58.32,-431.1,427.51,95.8,225.84,227.55,0.85,61.16,86.9,90.62,"14,438.52","4,500.21"
2225222,150.18,309,70.1,59.18,114.5,34.4,131.84,114.5,38.2,61.15,59.71,-372.9,100.59,59.88,227.01,227.55,1.78,61.16,86.53,88.57,"14,550.62","4,488.28"
2035591,145.4,320,73.9,60.05,116.5,35,130.88,115.5,38.2,63.4,60.21,167.83,62.72,31.85,228.51,227.51,2.93,64.69,84.28,85.9,"14,719.64","4,412.53"
1587994,150.66,334.5,75.2,61.12,117,35.15,130.88,116,39.61,63.89,60.21,-366.03,128.38,3.68,229.46,227.61,3.79,64.69,83.28,84.69,"14,694.08","4,397.45"
999452,149.71,315,74.6,61.9,117,35.85,131.84,117.5,39.7,63.99,59.71,149.32,23.37,-7.38,230.85,227.91,4.5,65.35,81.28,82.95,"14,733.22","4,446.59"
1496951,153.53,312,76,62,118.5,35.65,132.31,118,39.95,62.92,60.11,149.15,27.64,2.49,231.92,227.97,5.25,67.33,82.29,82.28,"14,937.70","4,392.59"
1487066,155.92,314,74.7,62.9,123.5,35.7,131.84,117,40.82,64.29,60.7,-58,-71.5,293.5,232.65,228.12,5.86,67.99,71.76,78.44,"14,949.36","4,391.69"
1588617,154.01,310,74.1,62.2,123,35.6,132.31,116,40.63,63.11,60.21,25.05,-72.17,339.02,233.63,228.28,6.11,65.16,70.43,74.83,"14,936.33","4,462.21"
1404327,153.5,310,74.8,62.6,121.5,35.55,133.26,116.5,39.7,65.07,59.71,227.7,-16.28,200.9,234.55,228.36,6.43,67.01,62.22,68.14,"14,806.78","4,459.45"
888681,154.5,301.5,73.8,62.3,117.5,35.6,133.26,116,38.88,63.21,58.62,364.29,5.73,-58.27,235.88,228.64,6.49,64.79,80,70.88,"14,921.59","4,393.66"
1411553,152,314.5,75.1,62.3,122,35.45,132.79,116.5,39.61,62.82,59.81,204.72,21.34,140.97,237.9,229.09,6.86,68.53,81.79,74.67,"14,891.90","4,271.78"
3076185,156.5,312.5,74.7,64.2,120,34.8,132.31,115.5,39.22,61.94,58.52,505.4,446.71,-6.55,239.73,229.46,7.72,73.4,83.74,81.84,"15,000.07","4,296.12"
2174182,172,321,81.4,63.4,123,34.8,132.79,116.5,40,62.82,60.31,-334.11,49.79,-14.96,241.7,229.96,7.98,67.75,71.7,79.08,"14,981.69","4,175.20"
1424213,175.5,311.5,80.8,63.3,123,34.2,135.64,117,39.9,63.01,61.3,-264.45,85.31,39.81,243.6,230.53,8.13,68.08,64.2,73.21,"14,747.23","4,183.96"
2774564,173.5,306,82,62.6,120.5,33.6,135.64,118.5,38.83,56.75,60.31,-46.79,52.48,-53.77,246.28,231.24,8.16,68.08,73.02,69.64,"14,777.02","4,287.50"
2210318,173.5,302.5,82.2,61.7,118,33.2,134.69,113,38.1,55.48,58.71,470.98,80.78,-13.46,248.28,231.95,8.52,71.77,73.94,70.39,"14,702.20","4,131.93"
3063483,173.5,306.5,80,61.1,116.5,33.05,134.22,114,37.61,56.36,57.42,-98.92,111.97,-22.97,250.03,232.77,8.47,67.21,78.92,75.29,"15,036.04","4,155.38"
1454261,173,315,80.2,61.9,120,33.35,135.17,113.5,38.1,58.12,58.71,203.18,5.78,-44.63,251.78,233.58,8.46,68.3,79.01,77.29,"15,020.41","4,175.48"
846519,174,311.5,77.6,61,122,33.5,137.55,112.5,37.86,57.24,58.22,147.59,11.11,19.57,253.48,234.37,8.51,69.73,81.79,79.91,"15,050.28","4,300.17"
1755540,177.5,316,78.5,61.2,120,33.7,137.55,113.5,38,61.7,58.81,-316.15,50.62,23.85,255.1,235.24,8.49,70.1,89.2,83.33,"14,939.02","4,152.38"
2807924,180,315.5,77.5,62.3,123,33.1,138.98,114.5,40.63,63.4,58.71,221.14,154.22,7.34,256.75,236.02,8.94,74.7,91.67,87.55,"15,197.85","4,123.34"
2352370,183,311,77.6,62.9,123.5,33.45,139.45,116,40.53,63.3,58.52,-23.44,11.72,-48.78,257.85,236.86,9.23,75,84.72,88.53,"15,288.97","3,991.24"
2091365,185.5,307,76.3,62.6,126,34.6,138.98,115,42.57,64.6,59.21,-716.09,-143.11,46.46,259.3,237.74,8.91,65.87,83.49,86.63,"15,417.35","4,001.05"
1934572,182,310,76.6,62.7,130,34.5,137.55,117,42.72,65.1,60.11,691.58,32.06,-65.76,260.63,238.62,9.12,70.75,76.47,81.56,"15,420.57","3,935.18"
1037940,184,314.5,77.3,62.5,127.5,34.95,138.5,116,42.38,64.5,61.9,137.89,21.53,-35.43,261.8,239.58,9.06,68.49,82.22,80.73,"15,465.45","3,930.08"
1581017,184,311,77.2,61.9,128.5,35.6,139.5,115.5,42.52,63.9,62.5,-72.21,-26.98,42.51,262.93,240.5,8.91,68.49,73.93,77.54,"15,396.76","4,023.89"
882055,182.5,306,79.9,63.2,129,35.4,139.5,115.5,42.62,64.7,62.7,304.11,-22.62,-16.08,264.15,241.39,8.69,68.49,67.62,74.59,"15,408.78","4,008.01"
798121,180,303.5,79.4,62.4,131.5,34.4,140,117,42.86,63.5,62,200.02,-28.34,6.54,265.1,242.11,8.42,68.49,48.57,63.38,"15,245.14","4,088.85"
1469735,179.5,296.5,75.5,62,133.5,33.9,139.5,117.5,42.67,61.3,61.6,95.13,-73.03,45.55,265.95,242.67,7.87,63.07,30.56,48.92,"15,095.89","3,923.68"
1831431,180,302,76.8,61.9,133,34.15,138.5,117,42.28,62.5,62.5,103.21,5.85,-118.1,266.6,243.18,7.07,57.36,20.56,33.23,"15,069.19","3,900.79"
1149677,177.5,299.5,77.3,62.4,131,34.65,140.5,116,41.89,61.6,62.4,237.1,-14.15,-8.01,266.9,243.72,6.45,58.52,29.13,26.75,"15,200.04","3,901.36"
844714,178.5,298,78.3,62.9,133,34.85,141,118,43.3,63.9,63.39,153.03,-85.76,130.52,267.4,244.34,5.96,59.69,36.67,28.79,"15,278.44","3,973.75"
1514202,182,300.5,86.1,63.2,134.5,34.55,143,118,43.35,67.9,62.5,302.84,-70.75,-46.63,267.6,244.82,5.52,59.69,31.67,32.49,"14,926.19","3,941.48"
1659766,178.5,328,88,61.8,131.5,35.15,141,115.5,42.05,67.1,60.51,-20.74,4.46,-81.9,267.88,245.43,4.67,50.56,28.33,32.22,"14,953.63","3,978.73"
1484757,183,340.5,87.2,62.8,135,34.3,141.5,116.5,43.1,67.5,61.6,184.01,-50.16,-8.45,267.83,245.99,4.06,52.69,25.61,28.54,"15,095.44","4,057.84"
1276425,188.5,340,87.8,63.6,137,34.5,141,117,43.65,67,62.6,-275.36,-50.5,11.31,267.7,246.48,3.47,51.11,28.94,27.63,"14,801.86","4,158.24"
1935481,187.5,335.5,88.1,62.1,134.5,34.35,141.5,116,42.6,66.9,63.09,-248.42,-92.8,-110.38,267.33,246.87,2.6,44.63,21.5,25.35,"14,673.04","4,132.15"
1366547,176,330.5,87.6,62,137,34.1,142,115.5,42.05,67.6,61.7,-44.63,-16.58,34.94,266.88,247.42,1.61,40.34,14.74,21.73,"14,661.10","4,101.23"
826213,175,323,84.1,61.9,133.5,33.8,140.5,114.5,40.9,66.8,59.7,56.72,1.53,-1.28,266.5,247.99,0.86,41.21,18.08,18.11,"14,677.20","4,176.82"
1079124,175,315,84.4,62.3,128,33.3,140.5,114.5,40,61.7,58.8,56.14,95.53,-5.67,265.75,248.61,0.42,44.68,27.63,20.15,"14,410.05","4,108.54"
1109400,180,303.5,85.6,61.9,129,32.95,140,114,40.3,62.2,58.3,0,69.39,-61.94,265.53,249.37,0.03,43.98,55.04,33.58,"14,583.42","4,121.43"
2085514,184.5,303,89.5,62.1,131.5,32.95,141,115,40.7,63.4,58.6,320.26,145.26,10.99,265.68,250.18,0.6,59.12,71.7,51.46,"14,807.43","4,160.68"
1399729,193.5,305.5,90.3,63.1,129,32.7,142,115,41.65,64,59.5,174.15,26.46,2.97,265.43,251.08,1.21,61.18,86.25,71,"14,894.41","4,115.77"
1468178,203.5,323,92.1,62.4,128,32.8,142.5,115,42.1,63.8,59.8,-269,30.67,32.28,265.2,251.76,1.58,59.57,80,79.32,"14,658.31","4,017.82"
1672029,200,321.5,95,62,127.5,32.6,142.5,114,42.3,63.4,59.5,-156.51,252.46,-18.22,265.1,252.58,1.78,57.92,79.79,82.01,"14,670.04","3,900.86"
1286700,202.5,320,93.8,63,126,32.85,141.5,114.5,42.45,62.7,59.2,-1.89,112.53,10.82,264.7,253.18,2.11,60.83,60.7,73.5,"14,561.76","3,749.63"
1838806,198.5,318,92.5,61.6,124,32.95,141.5,112.5,41.8,61.3,58.2,-437.75,-14.02,-32.8,264.53,253.77,1.87,51.61,56.91,65.8,"14,425.68","3,735.48"
971495,196,310.5,92.9,61.8,121,32.85,141.5,112.5,40.7,59.6,57.5,155.21,4.3,-3.23,264.6,254.44,2.02,56.89,57.36,58.32,"14,549.30","3,789.99"
1200721,196.5,310,93.7,62.2,123.5,33.1,141,113,41.1,62.1,57.7,81.84,7.32,114.09,264.65,255.05,2.28,59.03,61.55,58.61,"14,424.52","3,666.77"
922441,190.5,304.5,92.7,60.8,126.5,32.85,139.5,111.5,41.45,61.3,58.3,-114.01,1.6,19.76,264.8,255.76,2.13,53.33,65.73,61.55,"14,284.63","3,674.84"
1053837,192,312.5,94,60.5,130,32.85,140,112.5,42.3,62,58.5,-35.91,16.47,79.11,264.73,256.51,2.23,56.7,51.45,59.58,"14,118.38","3,764.79"
875848,186,300,91.5,60.6,127.5,32.85,139.5,112,42.4,60.3,57,-61.83,66.89,-1.33,264.35,257.16,2,51.98,44.44,53.87,"13,778.19","3,759.89"
1539495,180,286,88.2,58.6,120,32.65,137.5,108,38.85,56.5,53.5,-526.73,98.73,-4.95,264.33,257.88,1.32,45.05,28.38,41.42,"13,826.59","3,795.73"
1321911,184,293.5,93.5,58.3,122.5,32.9,138,107.5,39.1,59,54.3,-84.1,26.2,79.39,263.73,258.4,0.9,46.95,14.1,28.97,"13,466.07","3,911.74"
1825158,178,277,90.2,58,112,32.1,137,103,36.9,54,50.9,-243.18,30.24,-38.05,263.2,259.1,-0.25,37.6,14.1,18.86,"13,534.26","3,900.11"
1634411,179,277.5,91.2,57.9,112,31.75,137.5,107,37.1,55.5,51.6,-23.99,19.7,-15.4,262.93,259.63,-1.1,38.26,18.4,15.53,"13,424.58","3,821.55"
1724965,180,280.5,91.5,58.1,114.5,31.8,138,106.5,38.2,55.7,51.5,-353.44,38.2,14.42,262.78,260.04,-1.71,38.96,31.73,21.41,"13,300.48","3,818.83"
699691,176.5,275.5,90.6,57,114.5,31.85,137,105.5,38.45,57.5,52.2,-41.08,15.37,4.79,262.93,260.53,-2.26,38.03,51.14,33.76,"13,576.52","3,785.38"
996637,184,283,92.4,57,118.5,32.95,137.5,106.5,39.35,59.3,53.5,-12.15,39.29,67.21,263.53,261.17,-2.14,46.87,68.98,50.62,"13,801.43","3,825.33"
2298969,186.5,285.5,92.2,56.9,117.5,33.05,140,105.5,39.05,58.3,52.8,583.2,-0.81,1.35,264.6,261.82,-1.14,57.83,87.59,69.24,"13,892.05","3,831.39"
3301955,186.5,289,90.5,56.6,118,33.05,140.5,106,39.2,59.4,53.9,1720.57,193.84,6.41,264.95,262.41,0.37,64.32,90.61,82.39,"13,702.28","3,845.08"
